Resort_Name,google_search_name,Resort_INS_hashtag,twitter_account_name,twitter_screen_name,Continent,Country,State,URL,Altitude,Easy_km,Intermediate_km,Difficult_km,Adult_ticket,Youth_ticket,Child_ticket,Lifts_cables
seven-springs,seven-springs skiresort,sevensprings,Seven Springs ,7SpringPA,North America,USA,Pennsylvania,http://www.skiresort.info/ski-resort/seven-springs/,915,6,7,4,87,0,67,3.3
afton-alps,afton-alps skiresort,aftonalps,Afton Alps,aftonalpsmn,North America,USA,Minnesota,http://www.skiresort.info/ski-resort/afton-alps/,387,3,3,2,58,0,53,3
points-north-heli-adventures,points-north-heli-adventures skiresort,pointsnorthheliadventures,Points North Heli,Alaskaheliski,North America,USA,Alaska,http://www.skiresort.info/ski-resort/points-north-heli-adventures/,0,0,0,0,0,0,0,null
alpental,alpental skiresort,alpental,Alpental Ski Club,AlpentalSkiClub,North America,USA,Washington State,http://www.skiresort.info/ski-resort/alpental/,1670,0.5,2.3,6.8,79,55,15,3.5
alpine-valley-cleveland,alpine-valley-cleveland skiresort,alpinevalley,Alpine Valley,AlpineValleySki,North America,USA,Ohio,http://www.skiresort.info/ski-resort/alpine-valley-cleveland/,457,0.4,0.6,0.5,43,0,38,2.9
al-quaal,al-quaal skiresort,alquaal,Al Quaal,AlQuaal,North America,USA,Michigan,http://www.skiresort.info/ski-resort/al-quaal/,451,0.2,0.2,0,0,0,0,null
alta-sierra-shirley-meadows,alta-sierra-shirley-meadows skiresort,altasierraskiresort,Alta Sierra Ski Area,Altasierraski,North America,USA,California,http://www.skiresort.info/ski-resort/alta-sierra-shirley-meadows/,2160,1.3,0.2,0,35,0,25,null
alta,alta skiresort,altaskiresort,Alta Ski Area,AltaSkiArea,North America,USA,Utah,http://www.skiresort.info/ski-resort/alta/,3215,29,46.4,40.6,104,0,54,3.7
andes-tower-hills,andes-tower-hills skiresort,andestowerhills,Andes Tower Hills,andestowerhills,North America,USA,Minnesota,http://www.skiresort.info/ski-resort/andes-tower-hills/,494,2.2,1.6,0.2,42,0,30,null
angel-fire,angel-fire skiresort,angelfireskiresort,Angel Fire Resort,AngelFireResort,North America,USA,New Mexico,http://www.skiresort.info/ski-resort/angel-fire/,3256,40,28,7,73,63,53,3.9
antelope-butte,antelope-butte skiresort,antelopebutte,Antelope Butte,AntelopeButte,North America,USA,Wyoming,http://www.skiresort.info/ski-resort/antelope-butte/,2865,4,10,6,30,25,15,null
anthony-lakes-mountain-resort,anthony-lakes-mountain-resort skiresort,anthonylakesmountainresort,Anthony Lakes,anthonylakesmr,North America,USA,Oregon,http://www.skiresort.info/ski-resort/anthony-lakes-mountain-resort/,2438,2,3.8,4.2,35,29,21,2.9
appalachian-ski-mountain,appalachian-ski-mountain skiresort,appalachianskimountain,Appalachian Ski Mtn.,App_Ski_Mtn,North America,USA,North Carolina,http://www.skiresort.info/ski-resort/appalachian-ski-mountain/,1219,2,2.5,0.5,61,0,42,null
arapahoe-basin,arapahoe-basin skiresort,arapahoebasin,Arapahoe Basin,Arapachoe_Basin,North America,USA,Colorado,http://www.skiresort.info/ski-resort/arapahoe-basin/,3790,40,25,40,100,85,52,3
alpenglow-at-arctic-valley,alpenglow-at-arctic-valley skiresort,alpenglow,Arctic Valley Inc,arcticvalleyinc,North America,USA,Alaska,http://www.skiresort.info/ski-resort/alpenglow-at-arctic-valley/,1188,5,10,10,35,30,20,null
mt-ashwabay-salmo,mt-ashwabay-salmo skiresort,mtashwabay,Mt Ashwabay,ashwabay,North America,USA,Wisconsin,http://www.skiresort.info/ski-resort/mt-ashwabay-salmo/,389,1.5,1.2,1.3,24,0,18,2.7
attitash-mountain-resort,attitash-mountain-resort skiresort,attitashmountainresort,Attitash Mountain,AttitashResort,North America,USA,New Hampshire,http://www.skiresort.info/ski-resort/attitash-mountain-resort/,716,7.4,17.4,12.2,85,0,64,3.3
arizona-snowbowl,arizona-snowbowl skiresort,arizonasnowbowl,Arizona Snowbowl,AZSnowbowl,North America,USA,Arizona,http://www.skiresort.info/ski-resort/arizona-snowbowl/,3505,12,14,11,89,75,55,3.3
the-balsams,the-balsams skiresort,thebalsams,The Balsams Resort,BalsamsResort,North America,USA,New Hampshire,http://www.skiresort.info/ski-resort/the-balsams/,838,3.4,4,5.2,0,0,0,null
beartooth-basin,beartooth-basin skiresort,beartoothbasin,beartoothbasin,beartoothbasin,North America,USA,Wyoming,http://www.skiresort.info/ski-resort/beartooth-basin/,3322,0,2,3,45,0,0,1.5
beaver-creek,beaver-creek skiresort,skibeavercreek,Beaver Creek Resort,beavercreekmtn,North America,USA,Colorado,http://www.skiresort.info/ski-resort/beaver-creek/,3488,28.5,64.5,57,189,0,130,4
berkshire-east,berkshire-east skiresort,berkshireeast,Berkshire East Mountain Resort,berkshire_east,North America,USA,Massachusetts,http://www.skiresort.info/ski-resort/berkshire-east/,561,6,4,3,62,52,42,null
bear-mountain-big-bear-lake,bear-mountain-big-bear-lake skiresort,bearmountainbigbear,Big Bear Mountain Resort,BigBearMtResort,North America,USA,California,http://www.skiresort.info/ski-resort/bear-mountain-big-bear-lake/,2684,8,11.2,8,89,73,36,3.4
big-sky-resort,big-sky-resort skiresort,bigskyresort,Big Sky Resort,bigskyresort,North America,USA,Montana,http://www.skiresort.info/ski-resort/big-sky-resort/,3398,55,69,126,135,115,86,3.6
bittersweet,bittersweet skiresort,bittersweetskiresort,Bittersweet Ski Area,bittersweetmich,North America,USA,Michigan,http://www.skiresort.info/ski-resort/bittersweet/,324,0,0,0,44,0,36,null
black-mountain-rumford,black-mountain-rumford skiresort,blackmountainrumford,Black Mountain of Maine,BlackMountainME,North America,USA,Maine,http://www.skiresort.info/ski-resort/black-mountain-rumford/,650,2,3.5,2.5,29,0,0,2.7
black-mountain-jackson,black-mountain-jackson skiresort,blackmountainjackson,Black Mountain,BlackMtnNH,North America,USA,New Hampshire,http://www.skiresort.info/ski-resort/black-mountain-jackson/,570,6,4,2,55,42,38,null
blue-knob,blue-knob skiresort,blueknob,Blue Knob Resort,BlueKnob,North America,USA,Pennsylvania,http://www.skiresort.info/ski-resort/blue-knob/,960,5,8,3,62,0,50,null
blue-mountain,blue-mountain skiresort,skibluemountain,Blue Mountain Resort,BlueMtnResort,North America,USA,Pennsylvania,http://www.skiresort.info/ski-resort/blue-mountain/,470,10,6,2,85,0,70,null
bogus-basin,bogus-basin skiresort,bogusbasin,Bogus Basin,BOGUSBASIN,North America,USA,Idaho,http://www.skiresort.info/ski-resort/bogus-basin/,2311,11,22,17,59,49,25,3.7
bolton-valley,bolton-valley skiresort,boltonvalley,Bolton Valley,BoltonValley,North America,USA,Vermont,http://www.skiresort.info/ski-resort/bolton-valley/,960,15,10,5,74,0,64,2
boyne-highlands,boyne-highlands skiresort,boynehighlands,Boyne Highlands ,Boyne_Highlands,North America,USA,Michigan,http://www.skiresort.info/ski-resort/boyne-highlands/,408,4,3,3,89,79,69,3.2
breckenridge,breckenridge skiresort,breckenridge,Breckenridge Ski,BreckSkiGolf,North America,USA,Colorado,http://www.skiresort.info/ski-resort/breckenridge/,3914,28,60,65,164,0,107,4
bretton-woods,bretton-woods skiresort,brettonwoods,Bretton Woods,bretton_woods,North America,USA,New Hampshire,http://www.skiresort.info/ski-resort/bretton-woods/,945,25,16,15,89,68,53,3.8
bridger-bowl-bozeman,bridger-bowl-bozeman skiresort,bridgerbowlskipatrol,Bridger Bowl,BridgerBowl,North America,USA,Montana,http://www.skiresort.info/ski-resort/bridger-bowl-bozeman/,2682,20,26,25,60,0,22,3
bristol-mountain,bristol-mountain skiresort,bristolmountain,Bristol Mountain,BristolMountain,North America,USA,New York,http://www.skiresort.info/ski-resort/bristol-mountain/,670,6,10,4,72,0,57,3.6
bromley-mountain,bromley-mountain skiresort,bromleymountain,Bromley Mountain,BromleyMountain,North America,USA,Vermont,http://www.skiresort.info/ski-resort/bromley-mountain/,1001,15,18,12,79,69,56,null
brundage-mountain,brundage-mountain skiresort,brundagemountain,Brundage Mountain,BrundageMtn,North America,USA,Idaho,http://www.skiresort.info/ski-resort/brundage-mountain/,2328,6,15,9,64,37,23,3.4
bryce-resort,bryce-resort skiresort,bryceresort,Bryce Resort,BryceResort,North America,USA,Virginia,http://www.skiresort.info/ski-resort/bryce-resort/,533,2,2.8,0.2,65,0,58,3
buck-hill-ski-area,buck-hill-ski-area skiresort,buckhillskiarea,Buck Hill,buckhillmn,North America,USA,Minnesota,http://www.skiresort.info/ski-resort/buck-hill-ski-area/,371,1.2,0.8,0.2,44,0,32,2.7
buffalo-ski-club,buffalo-ski-club skiresort,buffaloskiclub,Buffalo Ski Club,buffaloskiclub,North America,USA,New York,http://www.skiresort.info/ski-resort/buffalo-ski-club/,512,5,4,2,55,0,44,null
caberfae-peaks,caberfae-peaks skiresort,caberfaepeaks,Caberfae Peaks,CaberfaePeaks,North America,USA,Michigan,http://www.skiresort.info/ski-resort/caberfae-peaks/,465,4,5,2,47,42,37,3
camden-snow-bowl,camden-snow-bowl skiresort,camdensnowbowl,Camden Snow Bowl,camdensnowbowl,North America,USA,Maine,http://www.skiresort.info/ski-resort/camden-snow-bowl/,320,1.2,3.6,1.2,39,0,34,null
canaan-valley,canaan-valley skiresort,canaanvalleyskiresort,Canaan Valley Resort,CannanResort,North America,USA,West Virginia,http://www.skiresort.info/ski-resort/canaan-valley/,1304,3,4,3,68,0,47,null
cannon-mountain,cannon-mountain skiresort,cannonmountain,Cannon Mountain,cannonmountain,North America,USA,New Hampshire,http://www.skiresort.info/ski-resort/cannon-mountain/,1243,15,25,10,75,62,53,3.2
cannonsburg-ski-area,cannonsburg-ski-area skiresort,cannonsburgskiarea,Cannonsburg Ski Area,cannonsburgski,North America,USA,Michigan,http://www.skiresort.info/ski-resort/cannonsburg-ski-area/,280,0.5,1,0.5,37,0,27,null
cascade-mountain,cascade-mountain skiresort,cascademountain,Cascade Mountain,CascadeMountain,North America,USA,Wisconsin,http://www.skiresort.info/ski-resort/cascade-mountain/,378,5,5,4,0,0,0,null
catamount,catamount skiresort,catamountski,Catamount Ski Area,CatamountSki,North America,USA,Massachusetts,http://www.skiresort.info/ski-resort/catamount/,580,8,4,3,66,0,56,3
chester-bowl-park,chester-bowl-park skiresort,chesterbowlparks,Chester Bowl,chester_bowl,North America,USA,Minnesota,http://www.skiresort.info/ski-resort/chester-bowl-park/,380,0.6,0,0,10,0,0,3
chestnut-mountain,chestnut-mountain skiresort,chestnutmountainresort,Chestnut Mountain,ChestnutMtn,North America,USA,Illinois,http://www.skiresort.info/ski-resort/chestnut-mountain/,335,2,3,1,52,0,40,null
china-peak,china-peak skiresort,skichinapeak,China Peak,China_Peak,North America,USA,California,http://www.skiresort.info/ski-resort/china-peak/,2654,20,17,13,79,54,34,null
christie-mountain,christie-mountain skiresort,christiemountain,Christie Mountain,ChristieMtn,North America,USA,Wisconsin,http://www.skiresort.info/ski-resort/christie-mountain/,510,2.8,1.5,0.7,37,0,32,null
christmas-mountain,christmas-mountain skiresort,christmasmountain,Christmas Mountain,christmasmounta,North America,USA,Wisconsin,http://www.skiresort.info/ski-resort/christmas-mountain/,370,1.3,0.5,0.2,45,0,31,2.8
clear-fork,clear-fork skiresort,clearforkskiresort,Clear Fork Resort,CLEAR_FORK_SKI,North America,USA,Ohio,http://www.skiresort.info/ski-resort/clear-fork/,420,0,0,0,0,0,0,null
cloudmont-ski-resort,cloudmont-ski-resort skiresort,cloudmontskiresort,Cloudmont Ski Resort,CloudmontAL,North America,USA,Alabama,http://www.skiresort.info/ski-resort/cloudmont-ski-resort/,548,0.6,0,0,30,0,25,null
cochran-ski-area,cochran-ski-area skiresort,cochranskiarea,Cochran Ski Area,CochranSkiArea,North America,USA,Vermont,http://www.skiresort.info/ski-resort/cochran-ski-area/,280,0.6,0.5,0.1,25,0,20,null
cockaigne-ski-area,cockaigne-ski-area skiresort,cockaigneskiarea,Cockaigne Resort,CockaigneResort,North America,USA,New York,http://www.skiresort.info/ski-resort/cockaigne-ski-area/,619,0,0,0,38,0,31,null
coffee-mill-ski-area,coffee-mill-ski-area skiresort,coffeemillskiarea,Coffee Mill Ski Area,coffeemillski,North America,USA,Minnesota,http://www.skiresort.info/ski-resort/coffee-mill-ski-area/,360,1,0.6,0.4,32,0,26,null
cooper-spur,cooper-spur skiresort,cooperspur,Cooper_Spur,Cooper_Spur,North America,USA,Oregon,http://www.skiresort.info/ski-resort/cooper-spur/,1325,4,4,2,32,0,28,3
copper-mountain,copper-mountain skiresort,coppermountainresort,Cooper_ Mountain Ale,coopermountain,North America,USA,Colorado,http://www.skiresort.info/ski-resort/copper-mountain/,3767,30,40,56,150,0,85,3.7
cranmore-mountain-resort,cranmore-mountain-resort skiresort,cranmoremountainresort,Cranmore Mountain,CranmoreMtn,North America,USA,New Hampshire,http://www.skiresort.info/ski-resort/cranmore-mountain-resort/,609,16,19,8,72,59,45,3.4
crotched-mountain,crotched-mountain skiresort,crotchedmountain,Crotched Mountain,CROTCHED_MTN,North America,USA,New Hampshire,http://www.skiresort.info/ski-resort/crotched-mountain/,630,2.5,4,1.5,64,0,54,3.4
crystal-mountain-mi,crystal-mountain-mi skiresort,crystalmountainmi,Crystal Mountain,CrystalMountain,North America,USA,Michigan,http://www.skiresort.info/ski-resort/crystal-mountain-mi/,359,1.2,2.3,1.4,72,0,62,3.3
crystal-mountain-wa,crystal-mountain-wa skiresort,crystalmountainwa,Crystal Mountain,CrystalMt,North America,USA,Washington State,http://www.skiresort.info/ski-resort/crystal-mountain-wa/,2137,8,27,15,80,0,56,3.8
deer-valley,deer-valley skiresort,skideervalley,Deer Valley Resort,Deer_Valley,North America,USA,Utah,http://www.skiresort.info/ski-resort/deer-valley/,2917,27,41,32,135,135,84,4
detroit-mountain,detroit-mountain skiresort,detroitmountain,Detroit Mountain,DetroitMountain,North America,USA,Minnesota,http://www.skiresort.info/ski-resort/detroit-mountain/,490,1,1,0,40,0,32,3
devils-head,devils-head skiresort,devilsheadskiresort,Devil's Head,DevilsHead,North America,USA,Wisconsin,http://www.skiresort.info/ski-resort/devils-head/,303,3,3.5,3.5,55,0,48,null
diamond-peak,diamond-peak skiresort,diamondpeak,Diamond Peak,diamondpeak,North America,USA,Western United States,http://www.skiresort.info/ski-resort/diamond-peak/,2602,6,14,10,79,64,39,3.4
diamond-peaks,diamond-peaks skiresort,diamondpeaks,Diamond Peak,DiamondPeakMt,North America,USA,Utah,http://www.skiresort.info/ski-resort/diamond-peaks/,0,0,0,0,0,0,0,null
discovery-ski-area,discovery-ski-area skiresort,discoveryskiarea,Discovery Ski Area,DiscoverySki,North America,USA,Montana,http://www.skiresort.info/ski-resort/discovery-ski-area/,2484,12,12,21,46,0,24,3
dodge-ridge,dodge-ridge skiresort,dodgeridge,Dodge Ridge,DodgeRidge,North America,USA,California,http://www.skiresort.info/ski-resort/dodge-ridge/,2499,10,20,20,72,59,24,null
dry-hill,dry-hill skiresort,dryhillskiarea,Dry Hill Ski Area,DryHillSkiArea,North America,USA,New York,http://www.skiresort.info/ski-resort/dry-hill/,293,0.7,1.2,0.5,40,0,35,null
eagle-rock,eagle-rock skiresort,eaglerockskiresort,Eagle Rock Resort,EagleRockResort,North America,USA,Pennsylvania,http://www.skiresort.info/ski-resort/eagle-rock/,550,0,0,0,42,0,28,null
echo-mountain-park-idaho-springs,echo-mountain-park-idaho-springs skiresort,echomountainpark,Echo Mountain Snow,echosnow,North America,USA,Colorado,http://www.skiresort.info/ski-resort/echo-mountain-park-idaho-springs/,3401,2,1,0,49,0,39,2.9
elk-mountain,elk-mountain skiresort,elkmountainskiresort,ElkMountainPA,ElkMountainSki,North America,USA,Pennsylvania,http://www.skiresort.info/ski-resort/elk-mountain/,820,3,8,4,66,0,50,null
elko-snobowl,elko-snobowl skiresort,elkosnobowl,Elko Snobowl,ElkoSnowbowl,North America,USA,Nevada,http://www.skiresort.info/ski-resort/elko-snobowl/,2130,1.5,1.5,0,20,0,15,2.9
fairmont-hot-springs-fairmont,fairmont-hot-springs-fairmont skiresort,fairmonthotspringsfairmont,Fairmont Hot Spring,FairmontMontana,North America,USA,Montana,http://www.skiresort.info/ski-resort/fairmont-hot-springs-fairmont/,0,0,0,0,0,0,0,null
four-lakes,four-lakes skiresort,fourlakes,Four Lakes Alpine,FourLakeSki,North America,USA,Illinois,http://www.skiresort.info/ski-resort/four-lakes/,220,1,0,0,28,0,0,null
gladstone-sports-park,gladstone-sports-park skiresort,gladstonesportspark,Gladstone Ski Hill,GladstoneSkiHil,North America,USA,Michigan,http://www.skiresort.info/ski-resort/gladstone-sports-park/,220,0.4,0.1,0,12,0,5,null
gore-mountain,gore-mountain skiresort,goremountain,Gore Mountain,GoreMountain,North America,USA,New York,http://www.skiresort.info/ski-resort/gore-mountain/,1097,6.7,28.2,23.3,83,65,46,3.6
granby-ranch,granby-ranch skiresort,skigranbyranch,Granby Ranch,GranbyRanch,North America,USA,Colorado,http://www.skiresort.info/ski-resort/granby-ranch/,2804,6,10,4,74,0,44,3.5
grand-geneva,grand-geneva skiresort,grandgenevaski,Grand Geneva Resort & Spa,Grand_Geneva,North America,USA,Wisconsin,http://www.skiresort.info/ski-resort/grand-geneva/,304,1.2,0.4,0.2,53,0,41,null
grand-targhee,grand-targhee skiresort,grandtarghee,Grand Targhee Resort,grandtarghee,North America,USA,Wyoming,http://www.skiresort.info/ski-resort/grand-targhee/,3048,5,15,15,90,0,42,3.8
granite-gorge,granite-gorge skiresort,granitegorgeskiarea,Granite Gorge,granitegorge,North America,USA,New Hampshire,http://www.skiresort.info/ski-resort/granite-gorge/,404,3,2,1,49,0,42,2.9
granite-peak-at-rib-mountain-state-park,granite-peak-at-rib-mountain-state-park skiresort,granitepeakatribmountainstatepark,Granite Peak Parks,GranitePeakPark,North America,USA,Wisconsin,http://www.skiresort.info/ski-resort/granite-peak-at-rib-mountain-state-park/,594,10,5,5,80,0,60,3.4
granlibakken,granlibakken skiresort,granlibakken,Granlibakken Tahoe,Granlibakken,North America,USA,Western United States,http://www.skiresort.info/ski-resort/granlibakken/,2015,1,1,0,35,0,25,1.4
greek-peak,greek-peak skiresort,spartangreekpeak,GreekPeakMtnResort,GreekPeakResort,North America,USA,New York,http://www.skiresort.info/ski-resort/greek-peak/,640,9,4,6,68,0,55,null
gunstock,gunstock skiresort,gunstockskiclub,Gunstock Mountain Resort,Gunstockmtn,North America,USA,New Hampshire,http://www.skiresort.info/ski-resort/gunstock/,690,5,25,10,86,74,62,null
h2o-guides,h2o-guides skiresort,h2oguides,H2O Guides,H2OGuides,North America,USA,Alaska,http://www.skiresort.info/ski-resort/h2o-guides/,0,0,0,0,0,0,0,null
hanson-hills,hanson-hills skiresort,hansonhills,Hanson Hills,Hansonhills,North America,USA,Michigan,http://www.skiresort.info/ski-resort/hanson-hills/,390,0.8,0.2,0,30,0,0,null
aspen-highlands,aspen-highlands skiresort,aspenhighlands,Aspen Highlands,HighlandBowl,North America,USA,Colorado,http://www.skiresort.info/ski-resort/aspen-highlands/,3559,24.3,40.5,70.2,169,0,112,4
hillberg-ski-area,hillberg-ski-area skiresort,hillbergskiarea,Hillberg Ski Area,HillbergSkiArea,North America,USA,Alaska,http://www.skiresort.info/ski-resort/hillberg-ski-area/,120,0.9,0.3,0,20,0,0,null
hogadon-ski-area,hogadon-ski-area skiresort,hogadonskiarea,Hogadon Basin,hogadonbasin,North America,USA,Wyoming,http://www.skiresort.info/ski-resort/hogadon-ski-area/,2438,1.9,1.6,1.5,42,37,27,null
holiday-valley,holiday-valley skiresort,holidayvalleyskiresort,Holiday Valley,holidayvalley,North America,USA,New York,http://www.skiresort.info/ski-resort/holiday-valley/,685,16,13,19,75,0,59,3.5
holimont,holimont skiresort,holimont,HoliMont,HoliMont,North America,USA,New York,http://www.skiresort.info/ski-resort/holimont/,689,4,6,10,70,0,55,3.2
hoodoo-ski-area,hoodoo-ski-area skiresort,hoodooskiarea,Hoodoo Ski Area,HoodooSki,North America,USA,Oregon,http://www.skiresort.info/ski-resort/hoodoo-ski-area/,1740,6,8,3,54,0,34,3
howelsen-hill-steamboat-springs,howelsen-hill-steamboat-springs skiresort,howelsenhillskiarea,Howelsen Hill ,HowelsenHillSB,North America,USA,Colorado,http://www.skiresort.info/ski-resort/howelsen-hill-steamboat-springs/,2175,1.7,1.5,0.8,25,0,15,2.5
hurricane-ridge,hurricane-ridge skiresort,hurricaneridgeskiingrules,Hurricane Ridge,HRWSC,North America,USA,Washington State,http://www.skiresort.info/ski-resort/hurricane-ridge/,1676,2,2,1,34,0,0,null
huff-hills,huff-hills skiresort,huffhills,Huff Hills Ski Area,HuffHills,North America,USA,North Dakota,http://www.skiresort.info/ski-resort/huff-hills/,680,1.8,0.8,0.4,30,0,25,null
huntington,huntington skiresort,huntingtonskiclub,Huntington Lake Resort,HungtingtonLake2,North America,USA,New York,http://www.skiresort.info/ski-resort/huntington/,0,0,0,0,0,0,0,null
hunt-hollow-ski-club,hunt-hollow-ski-club skiresort,hunthollowskiclub,Hunt Hollow Ski Club,hunthollow,North America,USA,New York,http://www.skiresort.info/ski-resort/hunt-hollow-ski-club/,360,2,2,1,55,0,45,2.9
hidden-valley-pa,hidden-valley-pa skiresort,hiddenvalleypa,Hidden Valley Resort,HVResortPA,North America,USA,Pennsylvania,http://www.skiresort.info/ski-resort/hidden-valley-pa/,890,4,3,2,69,0,58,null
jay-peak,jay-peak skiresort,jaypeakresort,Jay Peak Resort,jaypeakresort,North America,USA,Vermont,http://www.skiresort.info/ski-resort/jay-peak/,1175,15,31,30,82,0,64,3.2
jackson-hole,jackson-hole skiresort,skijacksonhole,Jackson Hole,jhski,North America,USA,Wyoming,http://www.skiresort.info/ski-resort/jackson-hole/,3185,16,50,50,149,0,91,3.6
jiminy-peak,jiminy-peak skiresort,jiminypeakresort,Jiminy Peak,jiminypeak,North America,USA,Massachusetts,http://www.skiresort.info/ski-resort/jiminy-peak/,725,4.1,2,3,81,70,61,null
june-mountain,june-mountain skiresort,junemountain,June Mountain,JuneMountain,North America,USA,California,http://www.skiresort.info/ski-resort/june-mountain/,3075,2.1,12.9,20.7,109,89,0,3.6
kelly-canyon,kelly-canyon skiresort,kellycanyon,Kelly Canyon,kellycanyon,North America,USA,Idaho,http://www.skiresort.info/ski-resort/kelly-canyon/,2030,4,5,3,40,0,32,3
kendall-mountain-silverton,kendall-mountain-silverton skiresort,kendallmountain,KendallMountain,KendallMountain,North America,USA,Colorado,http://www.skiresort.info/ski-resort/kendall-mountain-silverton/,3000,1,0.5,0.2,20,0,15,3
keystone,keystone skiresort,keystoneski,Keystone Resort,KeystoneMtn,North America,USA,Colorado,http://www.skiresort.info/ski-resort/keystone/,3651,25,65,45,159,0,92,4
killington,killington skiresort,killington,Killington Resort,KillingtonMtn,North America,USA,Vermont,http://www.skiresort.info/ski-resort/killington/,1285,37.4,43,46,115,0,89,3.7
king-pine-purity-spring-resort,king-pine-purity-spring-resort skiresort,kingpine,King Pine Ski Area,KingPineSkiArea,North America,USA,New Hampshire,http://www.skiresort.info/ski-resort/king-pine-purity-spring-resort/,240,2.8,1.5,1,55,0,38,2.9
kissing-bridge,kissing-bridge skiresort,kissingbridgeskiresort,Kissing Bridge,KissingBridge,North America,USA,New York,http://www.skiresort.info/ski-resort/kissing-bridge/,520,4.5,4.8,8.5,60,0,50,3
labrador-mountain,labrador-mountain skiresort,labradormountainski,Labrador Mountain,LabradorMtn,North America,USA,New York,http://www.skiresort.info/ski-resort/labrador-mountain/,570,6,6,5,53,0,43,2.9
laurel-mountain,laurel-mountain skiresort,laurelmountainskiresort,Laurel Mountain Ski,LaurelMTSki,North America,USA,Pennsylvania,http://www.skiresort.info/ski-resort/laurel-mountain/,837,4,3,1,53,0,43,2.9
loon-mountain,loon-mountain skiresort,loonmountain,Loon Mountain,loonmtn,North America,USA,New Hampshire,http://www.skiresort.info/ski-resort/loon-mountain/,930,13,26,6,95,83,71,3.8
lost-valley,lost-valley skiresort,lostvalleyskiarea,Lost Valley Ski Area,lost_valley_ski,North America,USA,Maine,http://www.skiresort.info/ski-resort/lost-valley/,166,1,0.5,0.5,45,0,40,3
lost-trail-powder-mountain,lost-trail-powder-mountain skiresort,losttrailpowdermountain,Lost Trail Powder Mt,LostTrail,North America,USA,Montana,http://www.skiresort.info/ski-resort/lost-trail-powder-mountain/,2550,15,25,10,42,0,32,3
loup-loup-ski-bowl,loup-loup-ski-bowl skiresort,louploupskibowl,Loup Loup,LoupLoupSkiBowl,North America,USA,Washington State,http://www.skiresort.info/ski-resort/loup-loup-ski-bowl/,1620,3,5,3,48,37,27,2.8
loveland,loveland skiresort,louploupskibowl,Loveland Ski Area,LovelandSkiArea,North America,USA,Colorado,http://www.skiresort.info/ski-resort/loveland/,3871,12,38,43,75,0,32,3
mad-river-glen,mad-river-glen skiresort,madriverglenskiitifyoucan,Mad River Glen,MadRiverGlen,North America,USA,Vermont,http://www.skiresort.info/ski-resort/mad-river-glen/,1108,14,17,15,82,0,68,3
mammoth-mountain,mammoth-mountain skiresort,mammothmountain,MammothMountain,MammothMountain,North America,USA,California,http://www.skiresort.info/ski-resort/mammoth-mountain/,3369,18.4,48.5,22.9,159,130,64,4
maple-ski-ridge,maple-ski-ridge skiresort,mapleskiridge,Maple Ski Ridge,mapleskiridge,North America,USA,New York,http://www.skiresort.info/ski-resort/maple-ski-ridge/,250,0.3,0.8,0.3,0,0,0,null
marquette-mountain,marquette-mountain skiresort,marquettemountain,Marquette Mountain,marquettemtn,North America,USA,Michigan,http://www.skiresort.info/ski-resort/marquette-mountain/,390,1.5,5,3.5,46,0,41,3
mcintyre,mcintyre skiresort,mcintyreski,Mclntyre Ski Area,Mclntyreskiarea,North America,USA,New Hampshire,http://www.skiresort.info/ski-resort/mcintyre/,155,2.5,0.5,0,36,0,32,3
middlebury-college-snow-bowl,middlebury-college-snow-bowl skiresort,middleburycollegesnowbowl,Middlebury Snow Bowl,MiddleburySB,North America,USA,Vermont,http://www.skiresort.info/ski-resort/middlebury-college-snow-bowl/,810,5,4,6,55,45,15,3
mohawk-mountain,mohawk-mountain skiresort,mohawkmountain,Mohawk Mountain,MohawkMountain,North America,USA,Connecticut,http://www.skiresort.info/ski-resort/mohawk-mountain/,454,3,2,3,60,0,52,3
montage-mountain-resort,montage-mountain-resort skiresort,montagemountainresort,Montage Mountain,MontageMtnPA,North America,USA,Pennsylvania,http://www.skiresort.info/ski-resort/montage-mountain-resort/,594,2,4,3.5,62,0,49,3
montana-snowbowl,montana-snowbowl skiresort,montanasnowbowl,Montana Snowbowl Inc,MontanaSnowbowl,North America,USA,Montana,http://www.skiresort.info/ski-resort/montana-snowbowl/,2316,5,12,14,47,44,20,2.9
mont-du-lac,mont-du-lac skiresort,montdulac,Mont du Lac,montdulac,North America,USA,Wisconsin,http://www.skiresort.info/ski-resort/mont-du-lac/,280,0.5,1.4,2,40,0,25,null
mt-abram,mt-abram skiresort,mtabram,Mt Abram,MountAbram,North America,USA,Maine,http://www.skiresort.info/ski-resort/mt-abram/,610,3.5,7,4,59,0,49,null
mountain-creek-vernon,mountain-creek-vernon skiresort,mountaincreekvernon,Mountain Creek,mountain_creek,North America,USA,New Jersey,http://www.skiresort.info/ski-resort/mountain-creek-vernon/,451,4,14,6,69,0,54,3.4
moose-mountain,moose-mountain skiresort,moosemountain,Mountain Moose,Mountain_Moose,North America,USA,Alaska,http://www.skiresort.info/ski-resort/moose-mountain/,595,3,12,10,39,34,29,1
mount-prospect-lancaster,mount-prospect-lancaster skiresort,mountprospectlancaster,Mount Prospect ,MountProspect,North America,USA,New Hampshire,http://www.skiresort.info/ski-resort/mount-prospect-lancaster/,520,0.5,0.3,0,7,0,5,1
mount-ski-gull,mount-ski-gull skiresort,mountskigull,Mount Ski Gull,mountskigull,North America,USA,Minnesota,http://www.skiresort.info/ski-resort/mount-ski-gull/,443,0.7,0.7,0.7,31,0,24,2.5
mt-waterman,mt-waterman skiresort,mtwaterman,Mount Waterman,mt_waterman,North America,USA,California,http://www.skiresort.info/ski-resort/mt-waterman/,2440,2,2,6,50,40,20,3
mt-ashland,mt-ashland skiresort,mtashland,Mt Ashland Ski Area,mtashland,North America,USA,Oregon,http://www.skiresort.info/ski-resort/mt-ashland/,2286,1,7,5,46,0,36,3
mt-bachelor,mt-bachelor skiresort,mtbachelorskiresort,Mt. Bachelor,mtbachelor,North America,USA,Oregon,http://www.skiresort.info/ski-resort/mt-bachelor/,2763,15,25,60,96,78,54,4
mt-baldy,mt-baldy skiresort,mtbaldyskilifts,Mt Baldy Resort,MtBladyResort,North America,USA,California,http://www.skiresort.info/ski-resort/mt-baldy/,2620,3,6,11,69,49,39,3
mt-brighton,mt-brighton skiresort,mtbrighton,Mt Brighton Ski Area,MtBrighton,North America,USA,Michigan,http://www.skiresort.info/ski-resort/mt-brighton/,340,1,3.5,1.7,63,0,0,2.7
mt-hood-meadows,mt-hood-meadows skiresort,mthoodmeadows,Mt. Hood Meadows,mthoodmeadows,North America,USA,Oregon,http://www.skiresort.info/ski-resort/mt-hood-meadows/,2225,13.5,45,31.5,82,0,49,3.9
mt-rose,mt-rose skiresort,mtrose,MtRoseSkiTahoe,MtRoseSkiTahoe,North America,USA,Western United States,http://www.skiresort.info/ski-resort/mt-rose/,2957,20,30,50,125,0,75,3.5
mt-shasta-ski-park,mt-shasta-ski-park skiresort,mtshastaskipark,Mt Shasta Ski Park,MtShastaSkiPark,North America,USA,California,http://www.skiresort.info/ski-resort/mt-shasta-ski-park/,2100,5,8,10,58,0,32,3
mt-southington,mt-southington skiresort,mtsouthington,Mount Southington,MtSouthington,North America,USA,Connecticut,http://www.skiresort.info/ski-resort/mt-southington/,173,2,3,0.8,58,0,48,3
mt-spokane,mt-spokane skiresort,mtspokane,Mt. Spokane,mtspokane,North America,USA,Washington State,http://www.skiresort.info/ski-resort/mt-spokane/,1795,7,5,14,55,0,45,3
mulligans-hollow-ski-bowl,mulligans-hollow-ski-bowl skiresort,mulliganshollowskibowl,Mulligans Hollow,MullyHollowGH,North America,USA,Michigan,http://www.skiresort.info/ski-resort/mulligans-hollow-ski-bowl/,233,1,1,1,16,0,0,null
nordic-mountain,nordic-mountain skiresort,nordicmountain,Nordic Mountain,NordicMountain,North America,USA,Wisconsin,http://www.skiresort.info/ski-resort/nordic-mountain/,346,2,3,1.5,44,0,30,2.6
nordic-valley,nordic-valley skiresort,nordicvalley,Nordic valley ,NordicValleySki,North America,USA,Utah,http://www.skiresort.info/ski-resort/nordic-valley/,1930,2.5,4,3,45,0,35,3
northstar-california-resort,northstar-california-resort skiresort,northstarcaliforniaresort,Northstar California,Northstar_CA,North America,USA,Western United States,http://www.skiresort.info/ski-resort/northstar-california-resort/,2624,25,45,27,152,125,90,4.1
norway-mountain,norway-mountain skiresort,norwaymountain,Norway Mountain,NorwayMountain,North America,USA,Michigan,http://www.skiresort.info/ski-resort/norway-mountain/,406,2.5,3.5,2,45,37,25,2.8
ober-gatlinburg,ober-gatlinburg skiresort,obergatlinburgskiresort,Ober Gatlinburg,OberGatlinburg,North America,USA,Tennessee,http://www.skiresort.info/ski-resort/ober-gatlinburg/,1006,0.5,2,0.5,65,0,55,null
oglebay-resort,oglebay-resort skiresort,oglebayskilodge,Oglebay Resort,OglebayResort,North America,USA,West Virginia,http://www.skiresort.info/ski-resort/oglebay-resort/,0,1,0,0,26,0,21,3
okemo,okemo skiresort,okemo,OkemoMountain,OkemoMountain,North America,USA,Vermont,http://www.skiresort.info/ski-resort/okemo/,1019,22,26,22,110,97,84,3.7
the-omni-homestead,the-omni-homestead skiresort,theomnihomestead,The Omni Homestead,OmniHomestead,North America,USA,Virginia,http://www.skiresort.info/ski-resort/the-omni-homestead/,930,1,1,1,0,0,0,null
otis-ridge,otis-ridge skiresort,otisridge,Otis Ridge,OtisRidge,North America,USA,Massachusetts,http://www.skiresort.info/ski-resort/otis-ridge/,480,1.2,1.5,1,40,35,15,2.5
pando-park,pando-park skiresort,pandopark,Pando Park,PandoPark,North America,USA,Michigan,http://www.skiresort.info/ski-resort/pando-park/,300,1,0.3,0,22,0,19,null
paoli-peaks,paoli-peaks skiresort,paolipeaks,Paoli Peaks,paoli_peaks,North America,USA,Indiana,http://www.skiresort.info/ski-resort/paoli-peaks/,251,2.6,3,1,42,0,36,3
pats-peak,pats-peak skiresort,patspeak,Pats Peak Ski Area,patspeak,North America,USA,New Hampshire,http://www.skiresort.info/ski-resort/pats-peak/,426,10,8,15,66,0,56,2.9
park-city,park-city skiresort,parkcity,Park City,PCski,North America,USA,Utah,http://www.skiresort.info/ski-resort/park-city/,3049,27,152,71,145,0,93,3.9
pebble-creek,pebble-creek skiresort,pebblecreekskiarea,PebbleCreekSkiArea,PebbleSkiArea,North America,USA,Idaho,http://www.skiresort.info/ski-resort/pebble-creek/,2609,6,9,4,43,0,29,3
peekn-peak,peekn-peak skiresort,peeknpeak,Peek'n Peak Resort,peeknpeak,North America,USA,New York,http://www.skiresort.info/ski-resort/peekn-peak/,535,4,8,3,59,0,46,null
petoskey-winter-sports-park,petoskey-winter-sports-park skiresort,petoskeyskiteam,Petoskey Parks & Rec,petoskeyparks,North America,USA,Michigan,http://www.skiresort.info/ski-resort/petoskey-winter-sports-park/,241,0.2,0,0,0,0,0,null
pico-mountain,pico-mountain skiresort,picomountain,Pico Mountain,PicoMountain,North America,USA,Vermont,http://www.skiresort.info/ski-resort/pico-mountain/,1209,6.8,15,8.6,74,0,57,3.8
plattekill,plattekill skiresort,plattekill,Plattekill Mountain,Plattekill,North America,USA,New York,http://www.skiresort.info/ski-resort/plattekill/,1014,4.5,6,6,61,50,48,2.9
potawatomi-park,potawatomi-park skiresort,potawatomistatepark,Potawatomi Park,PotawatomiPark,North America,USA,Wisconsin,http://www.skiresort.info/ski-resort/potawatomi-park/,0,0,0,0,0,0,0,null
powder-ridge,powder-ridge skiresort,powderridge,Powder Ridge ,PowderRidge,North America,USA,Minnesota,http://www.skiresort.info/ski-resort/powder-ridge/,432,2,1.5,0.5,48,0,0,2.8
powder-ridge-mountain-park-resort,powder-ridge-mountain-park-resort skiresort,powderridgemountainparkresort,Powder Ridge Park,powderridgepark,North America,USA,Connecticut,http://www.skiresort.info/ski-resort/powder-ridge-mountain-park-resort/,245,2.5,2,1,55,0,44,3
powder-mountain,powder-mountain skiresort,powdermountain,Powder Mountain,PowMow,North America,USA,Utah,http://www.skiresort.info/ski-resort/powder-mountain/,2712,30,50,55,85,0,47,3.2
quoggy-jo-ski-center-presque-isle,quoggy-jo-ski-center-presque-isle skiresort,quoggyjo,Quoggy Jo Ski Center,QuoggyJo,North America,USA,Maine,http://www.skiresort.info/ski-resort/quoggy-jo-ski-center-presque-isle/,275,0.8,0,0,8,0,0,1.5
ragged-mountain,ragged-mountain skiresort,raggedmountain,Ragged Mountain,raggedmtnNH,North America,USA,New Hampshire,http://www.skiresort.info/ski-resort/ragged-mountain/,680,4.5,10,8,79,65,55,3.9
raging-buffalo-algonquin,raging-buffalo-algonquin skiresort,ragingbuffalo,Raging Buffalo,raging_buffalo,North America,USA,Illinois,http://www.skiresort.info/ski-resort/raging-buffalo-algonquin/,260,0.3,0.2,0,45,0,0,1
red-lodge-mountain,red-lodge-mountain skiresort,redlodgemountain,Red Lodge Mountain,RedLodgeMntn,North America,USA,Montana,http://www.skiresort.info/ski-resort/red-lodge-mountain/,2870,11,30,24,53,42,22,3.4
alyeska-resort-girdwood,alyeska-resort-girdwood skiresort,alyeskaresortgirdwood,Alyeska Resort ,resortalyeska,North America,USA,Alaska,http://www.skiresort.info/ski-resort/alyeska-resort-girdwood/,840,14,31,17,85,68,39,3.5
cherry-peak,cherry-peak skiresort,cherrypeak,Cherry Peak Resort,ResortPeak,North America,USA,Utah,http://www.skiresort.info/ski-resort/cherry-peak/,2635,5,10,5,42,0,32,3
rocking-horse-ranch,rocking-horse-ranch skiresort,rockinghorseranch111,Rocking Horse Ranch,RHRanch,North America,USA,New York,http://www.skiresort.info/ski-resort/rocking-horse-ranch/,214,0.3,0,0,0,0,0,1
monarch,monarch skiresort,skimonarch,Monarch Guiding,RockiesSkiing,North America,USA,Colorado,http://www.skiresort.info/ski-resort/monarch/,3630,5,14,12,74,45,30,3
the-rock-snow-park,the-rock-snow-park skiresort,therocksnowpark,RockSnowPark,RockSnowPark1,North America,USA,Wisconsin,http://www.skiresort.info/ski-resort/the-rock-snow-park/,270,1,0,0,40,0,0,null
rotarun,rotarun skiresort,rotarunskiarea,Rotarun Ski Area,RotarunSkiArea,North America,USA,Idaho,http://www.skiresort.info/ski-resort/rotarun/,1790,1,2,1.5,20,0,10,1.5
roundtop,roundtop skiresort,roundtopskiresort,Roundtop,roundtopmtn,North America,USA,Pennsylvania,http://www.skiresort.info/ski-resort/roundtop/,410,1.5,3,3,68,0,56,3
saddleback,saddleback skiresort,saddleback111,Saddleback Maine,SaddlebackMaine,North America,USA,Maine,http://www.skiresort.info/ski-resort/saddleback/,1220,4,8,10,69,0,59,2.9
sandia-peak,sandia-peak skiresort,sandiapeakskiarea,Sandia Peak Ski Area,Sandia_Peak_Ski,North America,USA,New Mexico,http://www.skiresort.info/ski-resort/sandia-peak/,3140,8,20,3,55,45,40,2.8
schweitzer-mountain-resort,schweitzer-mountain-resort skiresort,schweitzermountainresort,Schweitzer Mountain,SchweitzerID,North America,USA,Idaho,http://www.skiresort.info/ski-resort/schweitzer-mountain-resort/,1950,20,40,35,79,0,50,3.6
sterling-forest-ski-center,sterling-forest-ski-center skiresort,sterlingforeststatepark,Sterling Forest,SFRTuxedo,North America,USA,New York,http://www.skiresort.info/ski-resort/sterling-forest-ski-center/,0,0,0,0,0,0,0,null
shanty-creek-resorts-schuss-mountain,shanty-creek-resorts-schuss-mountain skiresort,shantycreekresorts,Shanty Creek Resorts,ShantyCreek,North America,USA,Michigan,http://www.skiresort.info/ski-resort/shanty-creek-resorts-schuss-mountain/,356,5,4,3,69,59,54,3
shawnee-peak,shawnee-peak skiresort,shawneepeakme,Shawnee Peak Maine,ShawneePeakME,North America,USA,Maine,http://www.skiresort.info/ski-resort/shawnee-peak/,550,4,12,7,65,0,50,3
shu-maker-mountain-little-falls,shu-maker-mountain-little-falls skiresort,shumakermountain,Shu Maker,ShuMakerMT,North America,USA,New York,http://www.skiresort.info/ski-resort/shu-maker-mountain-little-falls/,0,0,0,0,0,0,0,null
sierra-at-tahoe,sierra-at-tahoe skiresort,sierraattahoeskiresort,Sierra-at-Tahoe,Sierra_at_Tahoe,North America,USA,Western United States,http://www.skiresort.info/ski-resort/sierra-at-tahoe/,2698,12,23,11.5,104,94,43,3
silver-ridge,silver-ridge skiresort,silverridge1,Silver Ridge,SilverResorts,North America,USA,Michigan,http://www.skiresort.info/ski-resort/silver-ridge/,0,0,0,0,0,0,0,null
silver-mountain,silver-mountain skiresort,silvermountain,SilverStar Mountain Resort,SilverStarMR,North America,USA,Idaho,http://www.skiresort.info/ski-resort/silver-mountain/,1920,4,8,13,60,0,45,3.8
silverton-mountain,silverton-mountain skiresort,silvertonmountain,Silverton Mountain,SilvertonMtn,North America,USA,Colorado,http://www.skiresort.info/ski-resort/silverton-mountain/,3790,0,0,0,59,0,0,null
sipapu,sipapu skiresort,sipapu,Sipapu Ski Resort,SipapuNM,North America,USA,New Mexico,http://www.skiresort.info/ski-resort/sipapu/,2825,3,7,8,45,39,29,2.8
sitzmark,sitzmark skiresort,sitzmark,sitzmark sports,sitzmarksports,North America,USA,Washington State,http://www.skiresort.info/ski-resort/sitzmark/,1485,2,3,2.5,35,28,22,2.8
ski-brule,ski-brule skiresort,skibrule,Ski Brule,ski_brule,North America,USA,Michigan,http://www.skiresort.info/ski-resort/ski-brule/,565,2,4,1.5,49,0,43,2.7
hesperus-ski-area,hesperus-ski-area skiresort,hesperusskiarea,Hesperus Ski Area,ski_hesperus,North America,USA,Colorado,http://www.skiresort.info/ski-resort/hesperus-ski-area/,2706,3,5,2,39,33,28,2.8
tamarack-resort,tamarack-resort skiresort,tamarackresort,Tamarack Resort,Ski_Tamarack,North America,USA,Idaho,http://www.skiresort.info/ski-resort/tamarack-resort/,2347,12,20,10,69,44,30,4
apache,apache skiresort,apacheski,Ski Apache,SkiApache,North America,USA,New Mexico,http://www.skiresort.info/ski-resort/apache/,3475,12,18,25,56,49,40,3.4
belleayre-mountain,belleayre-mountain skiresort,belleayremountain,Belleayre Mountain,SkiBelleayre,North America,USA,New York,http://www.skiresort.info/ski-resort/belleayre-mountain/,1045,5,11,4,68,58,46,3.6
bigrock-mountain,bigrock-mountain skiresort,bigrockmountain,Bigrock Mountain,SkiBigrockMaine,North America,USA,Maine,http://www.skiresort.info/ski-resort/bigrock-mountain/,498,2,14,4,38,27,17,3
big-tupper-tupper-lake,big-tupper-tupper-lake skiresort,bigtupper,SkiBigTuooer,SkiBigTupper,North America,USA,New York,http://www.skiresort.info/ski-resort/big-tupper-tupper-lake/,1082,5,5,2,0,0,0,null
blackhawk-ski-club-middleton,blackhawk-ski-club-middleton skiresort,blackhawkskiclub,Blackhawk Ski School,SkiBlackhawk,North America,USA,Wisconsin,http://www.skiresort.info/ski-resort/blackhawk-ski-club-middleton/,328,0.6,0.2,0,0,0,0,1
bluewood,bluewood skiresort,bluewoodski,Ski Bluewood,skibluewood,North America,USA,Washington State,http://www.skiresort.info/ski-resort/bluewood/,1730,3,5,3,39,0,32,null
bousquet,bousquet skiresort,bousquetskiarea,Ski Bousquet,skibousquet,North America,USA,Massachusetts,http://www.skiresort.info/ski-resort/bousquet/,566,3,2,3,47,0,0,null
mt-hood-skibowl,mt-hood-skibowl skiresort,mthoodskibowl,Mt Hood Skibowl,skibowl,North America,USA,Oregon,http://www.skiresort.info/ski-resort/mt-hood-skibowl/,1510,15,15,35,53,0,32,2.9
buckhorn-ski-and-snowboard-club,buckhorn-ski-and-snowboard-club skiresort,buckhornskiclub,ski buckhorn,skibuckhorn,North America,USA,California,http://www.skiresort.info/ski-resort/buckhorn-ski-and-snowboard-club/,2253,0.2,0.6,0.4,0,0,0,null
burke-mountain,burke-mountain skiresort,burkemountain,Burke Mountain,skiburke,North America,USA,Vermont,http://www.skiresort.info/ski-resort/burke-mountain/,975,2,4,4,64,55,47,3.7
butternut-basin,butternut-basin skiresort,butternutbasin,Ski Butternut,SkiButtermut,North America,USA,Massachusetts,http://www.skiresort.info/ski-resort/butternut-basin/,540,4.4,13.2,4.4,65,0,55,null
camelback,camelback skiresort,skicamelback,Camelback Mountain,skicamelback,North America,USA,Pennsylvania,http://www.skiresort.info/ski-resort/camelback/,623,20,11,3,67,0,49,3.3
cataloochee,cataloochee skiresort,cataloocheeskiarea,Cataloochee Ski Area,skiCataloochee,North America,USA,North Carolina,http://www.skiresort.info/ski-resort/cataloochee/,1583,1.5,3,1.5,65,0,47,3
cazenovia,cazenovia skiresort,cazenoviaskiclub,Cazenovia Ski Club,skicaz,North America,USA,New York,http://www.skiresort.info/ski-resort/cazenovia/,440,0.6,0.7,1,0,0,0,1.4
cooper,cooper skiresort,skicooper,Ski Cooper Snow,skicoopersnow,North America,USA,Colorado,http://www.skiresort.info/ski-resort/cooper/,3566,8,10,8,52,0,32,2.5
crested-butte,crested-butte skiresort,skicrestedbutte,Crested Butte,skicrestedbutte,North America,USA,Colorado,http://www.skiresort.info/ski-resort/crested-butte/,3707,27,69,25,115,104,63,3.7
eaglecrest-juneau,eaglecrest-juneau skiresort,eaglecrestskiarea,Eaglecrest Ski Area,SkiEaglecrest,North America,USA,Alaska,http://www.skiresort.info/ski-resort/eaglecrest-juneau/,820,3.4,6.8,6.8,52,42,28,3
eagle-point,eagle-point skiresort,eaglepoint,Eagle Point,SkiEaglePoint,North America,USA,Utah,http://www.skiresort.info/ski-resort/eagle-point/,3230,6,9,5,65,0,50,3
heavenly,heavenly skiresort,skiheavenly,SkiHeavenly,skiheavenly,North America,USA,Western United States,http://www.skiresort.info/ski-resort/heavenly/,3060,18,42,34,152,125,90,4
homewood-mountain-resort,homewood-mountain-resort skiresort,homewoodmountainresort,Homewood Mountain,skihomewood,North America,USA,Western United States,http://www.skiresort.info/ski-resort/homewood-mountain-resort/,2402,6,13,1,0,0,0,3.3
indianhead-mountain,indianhead-mountain skiresort,indianheadmountainskiing,Indianhead Mountain,SkiIndianhead,North America,USA,Michigan,http://www.skiresort.info/ski-resort/indianhead-mountain/,554,2,3,5,65,0,52,null
jack-frost-mountain,jack-frost-mountain skiresort,ackfrostmountain,Jack Frost Mountain,skiJFBB,North America,USA,Pennsylvania,http://www.skiresort.info/ski-resort/jack-frost-mountain/,610,6,5.5,0.5,58,0,45,null
liberty-mountain,liberty-mountain skiresort,skilibertymountain,Liberty Mountain Resort,skilibertymtn,North America,USA,Pennsylvania,http://www.skiresort.info/ski-resort/liberty-mountain/,355,3,4,2,76,0,64,3
lookout-pass,lookout-pass skiresort,lookoutpass,Lookput Pass,skilookout,North America,USA,Idaho,http://www.skiresort.info/ski-resort/lookout-pass/,1675,8,14,9,44,0,32,3
mad-river-mountain,mad-river-mountain skiresort,madrivermountain,Mad River Mountain,SkiMadRiver,North America,USA,Ohio,http://www.skiresort.info/ski-resort/mad-river-mountain/,445,3,2,1.3,45,0,35,2.9
magic-mountain,magic-mountain skiresort,magicmountainskiresort,Magic Mountain,SkiMagicVT,North America,USA,Vermont,http://www.skiresort.info/ski-resort/magic-mountain/,868,7,7,9,67,59,48,3
mt-holly,mt-holly skiresort,mtholly,Mt Holly,SkiMtHolly,North America,USA,Michigan,http://www.skiresort.info/ski-resort/mt-holly/,380,1,2.5,3.5,43,0,0,null
mount-pleasant,mount-pleasant skiresort,mountpleasant,Mount Pleasant,SkiMtPleasant,North America,USA,Pennsylvania,http://www.skiresort.info/ski-resort/mount-pleasant/,450,2,2,1,38,0,33,2.8
nashoba-valley,nashoba-valley skiresort,nashobavalley,Nashoba Valley Ski,skinashoba,North America,USA,Massachusetts,http://www.skiresort.info/ski-resort/nashoba-valley/,128,1,3,1.8,55,0,0,2.9
pajarito-mountain,pajarito-mountain skiresort,pajaritomountain,Pajarito Mountain,SkiPajarito,North America,USA,New Mexico,http://www.skiresort.info/ski-resort/pajarito-mountain/,3190,8,12,6,49,42,34,null
pine-knob,pine-knob skiresort,pineknob,Pine Knob Ski Resort,SkiPineKnob,North America,USA,Michigan,http://www.skiresort.info/ski-resort/pine-knob/,392,1,2.5,1.5,56,0,0,2.8
purgatory-durango,purgatory-durango skiresort,purgatorydurango,Pugatory Resort,skipurg,North America,USA,Colorado,http://www.skiresort.info/ski-resort/purgatory-durango/,3299,15,40,30,89,70,55,3.6
perfect-north-slopes,perfect-north-slopes skiresort,perfectnorthslopes,Perfect North Slopes,skiridetubepns,North America,USA,Indiana,http://www.skiresort.info/ski-resort/perfect-north-slopes/,244,3,1,1,0,0,0,null
santa-fe,santa-fe skiresort,santafeski,Ski Santa Fe,SkiSantaFe,North America,USA,New Mexico,http://www.skiresort.info/ski-resort/santa-fe/,3679,9,15,10,75,60,52,3
sapphire-valley,sapphire-valley skiresort,sapphirevalleyskiresort,Ski Sapphire Valley,SkiSapphire,North America,USA,North Carolina,http://www.skiresort.info/ski-resort/sapphire-valley/,1005,0.5,0,0,40,0,23,3
shawnee-mountain,shawnee-mountain skiresort,shawneemountain,Shawnee Mountain,skishawnee,North America,USA,Pennsylvania,http://www.skiresort.info/ski-resort/shawnee-mountain/,350,4,9,5,62,0,45,3.2
snow-creek,snow-creek skiresort,snowcreekskiresort,Snow Creek,skisnowcreek,North America,USA,Missouri,http://www.skiresort.info/ski-resort/snow-creek/,335,1.3,1.8,0.1,44,0,29,2.9
snow-snake,snow-snake skiresort,snowsnake,Snow Snake,SkiSnowSnake,North America,USA,Michigan,http://www.skiresort.info/ski-resort/snow-snake/,365,1,1.5,0.5,32,0,0,2.4
snowstar,snowstar skiresort,snowstarski,Snowstar Winter Park,SkiSnowstar,North America,USA,Illinois,http://www.skiresort.info/ski-resort/snowstar/,235,0.5,1.5,2,35,0,30,2.9
snow-valley,snow-valley skiresort,snowvalley,Snow Valley Resort,SkiSnowValley,North America,USA,California,http://www.skiresort.info/ski-resort/snow-valley/,2390,4,20,10,79,69,35,3.3
soda-springs,soda-springs skiresort,sodaspringsskiresort,Soda Springs,skisodasprings,North America,USA,Western United States,http://www.skiresort.info/ski-resort/soda-springs/,2232,3,5,2,39,39,29,3
sunlight-mountain,sunlight-mountain skiresort,sunlightmountain,Sunlight Mtn. Resort,skisunlight,North America,USA,Colorado,http://www.skiresort.info/ski-resort/sunlight-mountain/,3015,4,11,5,63,0,45,3
swiss-valley,swiss-valley skiresort,swissvalley,Swiss Valley,skiswissvalley,North America,USA,Michigan,http://www.skiresort.info/ski-resort/swiss-valley/,360,0.4,1.1,0.3,42,0,30,null
tenney-mountain,tenney-mountain skiresort,tenneymountain,TENNEY Mountain,SkiTENNEY,North America,USA,New Hampshire,http://www.skiresort.info/ski-resort/tenney-mountain/,655,3,8,4,0,0,0,null
beaver-mountain,beaver-mountain skiresort,beavermountain,Beaver Mountain,skithebeav,North America,USA,Utah,http://www.skiresort.info/ski-resort/beaver-mountain/,2700,10,12,8,48,0,38,3
mt-lemmon-ski-valley,mt-lemmon-ski-valley skiresort,mtlemmonskivalley,Mt. Lemmon Ski,skithelemmon,North America,USA,Arizona,http://www.skiresort.info/ski-resort/mt-lemmon-ski-valley/,2750,2.5,4,2,40,0,20,3
titus-mountain,titus-mountain skiresort,titusmountain,Titus Mountain,SkiTitusMtn,North America,USA,New York,http://www.skiresort.info/ski-resort/titus-mountain/,423,10,10,7,45,45,35,2.9
turner-mountain,turner-mountain skiresort,turnermountain,Turner Mountain Ski Area,SkiTurnerMT,North America,USA,Montana,http://www.skiresort.info/ski-resort/turner-mountain/,1814,2.1,5.5,6.2,37,25,20,null
west-mountain,west-mountain skiresort,westmountainskiresort,West Mountain,skiwestmountain,North America,USA,New York,http://www.skiresort.info/ski-resort/west-mountain/,435,5.9,2.1,1.7,59,49,45,3
whiteface-lake-placid,whiteface-lake-placid skiresort,whitefacelakeplacid,Whiteface Mountain ,SkiWhiteface,North America,USA,New York,http://www.skiresort.info/ski-resort/whiteface-lake-placid/,1340,7,15,13,94,74,58,3
whitefish-mountain-resort,whitefish-mountain-resort skiresort,whitefishmountainresort,Whitefish Mtn Resort,SkiWhitefish,North America,USA,Montana,http://www.skiresort.info/ski-resort/whitefish-mountain-resort/,2078,18,46,27,79,68,40,3.5
wildcat-mountain,wildcat-mountain skiresort,wildcatmountain,Wildcat Mountain,skiwildcat,North America,USA,New Hampshire,http://www.skiresort.info/ski-resort/wildcat-mountain/,1238,9.4,22.1,14,85,0,64,3.5
wild-mountain,wild-mountain skiresort,wildmountainskiarea,Wild Mountain/TF Rec,skiwildmtn,North America,USA,Minnesota,http://www.skiresort.info/ski-resort/wild-mountain/,320,1.1,1.6,2.1,51,0,40,null
sky-tavern,sky-tavern skiresort,skytavern,Sky Tavern,skytavern,North America,USA,Nevada,http://www.skiresort.info/ski-resort/sky-tavern/,2517,0,0,0,0,0,0,null
spring-mountain,spring-mountain skiresort,springmountain,Spruce Mountain,SMHSopinions,North America,USA,Pennsylvania,http://www.skiresort.info/ski-resort/spring-mountain/,150,4,2.5,2,48,0,0,3
snowbasin,snowbasin skiresort,snowbasinskipatrol,Snowbasin Resort,snowbasinresort,North America,USA,Utah,http://www.skiresort.info/ski-resort/snowbasin/,2850,5,28,15,99,0,55,3.9
snowbird,snowbird skiresort,snowbird,Snowbird,Snowbird,North America,USA,Utah,http://www.skiresort.info/ski-resort/snowbird/,3353,27,38,38,129,0,61,3.7
snowhaven,snowhaven skiresort,snowhaven,snowhaven resort,SNOWHAVENHQ,North America,USA,Idaho,http://www.skiresort.info/ski-resort/snowhaven/,1730,1.5,0.5,0,25,0,0,null
snow-king-mountain-jackson,snow-king-mountain-jackson skiresort,snowkingmountain,Snow King Mountain,SnowKingMTN,North America,USA,Wyoming,http://www.skiresort.info/ski-resort/snow-king-mountain-jackson/,2380,3,2.5,3.5,55,0,35,3
snowmass,snowmass skiresort,snowmassski,Snowmass,Snowmass,North America,USA,Colorado,http://www.skiresort.info/ski-resort/snowmass/,3813,14.2,111,111,169,0,112,4
snow-ridge,snow-ridge skiresort,snowridge,Snow Ridge,SnowRidgeSki,North America,USA,New York,http://www.skiresort.info/ski-resort/snow-ridge/,540,2,3,5,39,0,30,null
snowshoe-mountain,snowshoe-mountain skiresort,snowshoemountain,Snowshoe Mountain,snowshoemtn,North America,USA,West Virginia,http://www.skiresort.info/ski-resort/snowshoe-mountain/,1478,14,11,6,99,87,82,3.5
snow-trails,snow-trails skiresort,snowtrails,Snow Trails,SnowTrails,North America,USA,Ohio,http://www.skiresort.info/ski-resort/snow-trails/,440,1.5,2.8,1,49,0,39,3
snowy-range,snowy-range skiresort,snowyrangeski,Snowy Range Ski Area,snowyrangeski,North America,USA,Wyoming,http://www.skiresort.info/ski-resort/snowy-range/,2945,4.5,9,3,45,39,28,3
soldier-mountain,soldier-mountain skiresort,soldiermountain,Soldier Mountain,SoldierMountain,North America,USA,Idaho,http://www.skiresort.info/ski-resort/soldier-mountain/,2188,9,8,8,38,0,22,3
solitude,solitude skiresort,solitudeskiresort,Solitude Mountain Resort,SolitudeMTN,North America,USA,Utah,http://www.skiresort.info/ski-resort/solitude/,3000,20,30,14,88,56,0,3.8
spirit-mountain,spirit-mountain skiresort,spiritmountain,Spirit Mountain,spiritmtduluth,North America,USA,Minnesota,http://www.skiresort.info/ski-resort/spirit-mountain/,390,4,5,2,49,0,39,3.6
alpine-meadows,alpine-meadows skiresort,alpinemeadows,Squaw Valley Alpine Meadows,squawalpine,North America,USA,Western United States,http://www.skiresort.info/ski-resort/alpine-meadows/,2632,25,40,35,159,134,98,4
squaw-valley,squaw-valley skiresort,squawvalleyskiresort,Squaw Valley Alpine Meadows,squawalpine,North America,USA,Western United States,http://www.skiresort.info/ski-resort/squaw-valley/,2760,25,45,30,129,112,78,4
storrs-hill-lebanon,storrs-hill-lebanon skiresort,storrshill,Storrs Hill Ski Area,StorrsHill,North America,USA,New Hampshire,http://www.skiresort.info/ski-resort/storrs-hill-lebanon/,282,0.7,0.3,0,10,0,7,1.5
stowe,stowe skiresort,skistowe,Stowe Mt Resort,StoweMtResort,North America,USA,Vermont,http://www.skiresort.info/ski-resort/stowe/,1116,20,42,8,131,0,111,4
stratton,stratton skiresort,strattonski,Stratton Mountain,StrattonResort,North America,USA,Vermont,http://www.skiresort.info/ski-resort/stratton/,1181,60,20,12,105,89,79,3.7
sugar-bowl,sugar-bowl skiresort,sugarbowlskiresort,Sugar Bowl Resort,sugarbowlresort,North America,USA,Western United States,http://www.skiresort.info/ski-resort/sugar-bowl/,2555,15.3,40.5,34.2,115,94,66,3.7
sugarbush,sugarbush skiresort,sugarbush,"Sugarbush, Vermont",Sugarbush_VT,North America,USA,Vermont,http://www.skiresort.info/ski-resort/sugarbush/,1240,17,40,30,97,0,77,3.7
the-summit-at-snoqualmie,the-summit-at-snoqualmie skiresort,thesummitatsnoqualmie,Summit at Snoqualmie,SummitSnow411,North America,USA,Washington State,http://www.skiresort.info/ski-resort/the-summit-at-snoqualmie/,1180,5.2,13.7,9,79,55,15,3.2
sunburst,sunburst skiresort,sunburstskiarea,Sunburst Sports Park,SunburstSkiArea,North America,USA,Wisconsin,http://www.skiresort.info/ski-resort/sunburst/,357,0.5,1.5,1,42,0,25,2.6
sundance,sundance skiresort,sundanceskiresort,Sundance Ski & Board,SundanceSki,North America,USA,Utah,http://www.skiresort.info/ski-resort/sundance/,2515,15,20,9,70,0,43,3
sunday-river,sunday-river skiresort,sundayriverskiresort,Sunday River,sundayriver,North America,USA,Maine,http://www.skiresort.info/ski-resort/sunday-river/,957,30,40,14,105,79,69,3.6
sundown-mountain-resort,sundown-mountain-resort skiresort,sundownmountainresort,Sundown Mountain,SundownMountain,North America,USA,Iowa,http://www.skiresort.info/ski-resort/sundown-mountain-resort/,350,1.3,1.6,0.3,45,0,35,null
sunrise-park,sunrise-park skiresort,sunrisepark,Sunrise Park Resort,SunriseResortAZ,North America,USA,Arizona,http://www.skiresort.info/ski-resort/sunrise-park/,3330,0,0,0,71,59,44,null
dollar-mountain-sun-valley,dollar-mountain-sun-valley skiresort,dollarmountainsunvalley,Sun Valley Resort,sunvalley,North America,USA,Idaho,http://www.skiresort.info/ski-resort/dollar-mountain-sun-valley/,2023,7,2,0,120,0,58,3.7
swain,swain skiresort,swainskiresort,Swain Resort,SwainResort,North America,USA,New York,http://www.skiresort.info/ski-resort/swain/,600,3,4.2,3.7,54,0,44,2.9
taos,taos skiresort,taosski,Taos Ski Valley,TaosSkiValley,North America,USA,New Mexico,http://www.skiresort.info/ski-resort/taos/,3795,27,28,58,105,85,65,3
telluride,telluride skiresort,telluride,Telluride Ski Resort,Telluride,North America,USA,Colorado,http://www.skiresort.info/ski-resort/telluride/,3815,6.7,51.7,29.8,133,0,79,4
terry-peak,terry-peak skiresort,terrypeakskiarea,Terry Peak Ski Area,TerryPeak,North America,USA,South Dakota,http://www.skiresort.info/ski-resort/terry-peak/,2130,4.7,7.2,4.1,53,0,39,4.1
the-homestead-resort,the-homestead-resort skiresort,thehomesteadresort,The Homestead,TheHomesteadMI,North America,USA,Michigan,http://www.skiresort.info/ski-resort/the-homestead-resort/,280,1,2,1,50,38,24,null
timber-ridge,timber-ridge skiresort,timberridgeski,Timber Ridge Ski Area,timberridgeski,North America,USA,Michigan,http://www.skiresort.info/ski-resort/timber-ridge/,287,1.2,1.6,0.4,40,0,29,null
timberline,timberline skiresort,timberlineskiresort,Timberline Resort WV,TlineWV,North America,USA,Oregon,http://www.skiresort.info/ski-resort/timberline/,2603,8,15,8,76,63,34,4.1
tussey-mountain,tussey-mountain skiresort,tusseymountain,Tussey Mountain,TusseyMountain,North America,USA,Pennsylvania,http://www.skiresort.info/ski-resort/tussey-mountain/,553,1.5,1.2,0.3,48,0,44,null
tuxedo-ridge,tuxedo-ridge skiresort,tuxedoridgeskicenter,Tuxedo Ridge,tuxedoridge,North America,USA,New York,http://www.skiresort.info/ski-resort/tuxedo-ridge/,365,1,4,2,0,0,0,null
tyrol-basin-mt-horeb,tyrol-basin-mt-horeb skiresort,tyrolbasinparks,Tyrol Basin,tyrolbasin,North America,USA,Wisconsin,http://www.skiresort.info/ski-resort/tyrol-basin-mt-horeb/,344,1.2,1.5,1.5,45,0,35,null
vail,vail skiresort,skivail,Vail,vailmtn,North America,USA,Colorado,http://www.skiresort.info/ski-resort/vail/,3433,57,84,93,169,0,117,4
valdez-heli-ski-guides,valdez-heli-ski-guides skiresort,valdezheliskiguides,valdez heli ski,valdezheliski,North America,USA,Alaska,http://www.skiresort.info/ski-resort/valdez-heli-ski-guides/,0,0,0,0,0,0,0,null
villa-roma,villa-roma skiresort,villaromaski,Villa Roma Resort,villaromaresort,North America,USA,New York,http://www.skiresort.info/ski-resort/villa-roma/,388,1.7,0,0,0,0,0,null
wachusett-mountain,wachusett-mountain skiresort,wachusettmountain,Wachusett Mountain,Wachusett,North America,USA,Massachusetts,http://www.skiresort.info/ski-resort/wachusett-mountain/,611,3.6,4.8,3.6,69,0,56,4.1
waterville-valley,waterville-valley skiresort,watervillevalley,Waterville Valley Resort,waterville,North America,USA,New Hampshire,http://www.skiresort.info/ski-resort/waterville-valley/,1220,3.5,16,5.5,81,71,61,3.3
welch-village,welch-village skiresort,welchvillage,Welch Village,Welch_Village,North America,USA,Minnesota,http://www.skiresort.info/ski-resort/welch-village/,323,2,2,2,56,0,46,null
whisper-ridge,whisper-ridge skiresort,whisperridge,Whisper Ridge Utah,Whisperridgeut,North America,USA,Utah,http://www.skiresort.info/ski-resort/whisper-ridge/,0,0,0,0,0,0,0,null
the-whitecap-mountains,the-whitecap-mountains skiresort,thewhitecapmountains,Whitecap Mountains Resort,whitecapresort,North America,USA,Wisconsin,http://www.skiresort.info/ski-resort/the-whitecap-mountains/,540,4,2,3,55,42,27,null
white-pass,white-pass skiresort,whitepass,White Pass,WhitePass,North America,USA,Washington State,http://www.skiresort.info/ski-resort/white-pass/,1986,10,12,8,63,0,43,3.7
whitetail,whitetail skiresort,whitetailskiresort,Whitetail Resort,whitetailresort,North America,USA,Pennsylvania,http://www.skiresort.info/ski-resort/whitetail/,549,1.5,5.6,3.1,75,0,62,null
willard-mountain-greenwich,willard-mountain-greenwich skiresort,willardmountain,Willard Mountain,willardmtn,North America,USA,New York,http://www.skiresort.info/ski-resort/willard-mountain-greenwich/,429,0.6,1.4,0.8,43,0,39,null
wilmot-mountain,wilmot-mountain skiresort,wilmotmountain,Wilmot Mountain,WilmotMTN,North America,USA,Wisconsin,http://www.skiresort.info/ski-resort/wilmot-mountain/,292,1.4,1.6,1,64,0,59,2.9
windham-mountain,windham-mountain skiresort,windhammountain,Windham Mountain,windhammountain,North America,USA,New York,http://www.skiresort.info/ski-resort/windham-mountain/,945,0,0,0,85,73,63,null
wintergreen-resort,wintergreen-resort skiresort,wintergreenresort,Wintergreen Resort,WintergreenVA,North America,USA,Virginia,http://www.skiresort.info/ski-resort/wintergreen-resort/,1071,2,4,4,84,0,64,3.8
winter-park-resort,winter-park-resort skiresort,winterparkresort,Winter Park Resort,WinterPark,North America,USA,Colorado,http://www.skiresort.info/ski-resort/winter-park-resort/,3676,11,53,79,159,0,99,4
winterplace,winterplace skiresort,winterplaceskiresort,Winterplace WV,winterplacewv,North America,USA,West Virginia,http://www.skiresort.info/ski-resort/winterplace/,1097,0,0,0,69,0,52,null
wolf-creek,wolf-creek skiresort,wolfcreekski,Wolf Creek Ski Area,WolfCreekSki2,North America,USA,Colorado,http://www.skiresort.info/ski-resort/wolf-creek/,3628,20,35,45,70,0,36,3.4
wolf-ridge,wolf-ridge skiresort,wolfridgeskiresort,Wolf Ridge E.L.C.,WolfRidgeElC,North America,USA,North Carolina,http://www.skiresort.info/ski-resort/wolf-ridge/,1432,3,2,1,56,0,46,3
yawgoo-valley,yawgoo-valley skiresort,yawgoovalley,Yawgoo Valley,YawgooValley,North America,USA,Rhode Island,http://www.skiresort.info/ski-resort/yawgoo-valley/,96,1.5,0.9,0.1,49,0,42,null
yellowstone-club,yellowstone-club skiresort,yellowstoneclub,Yellowstone Club,YellowstoneClub,North America,USA,Montana,http://www.skiresort.info/ski-resort/yellowstone-club/,3005,30,30,20,0,0,0,4.4
49-degrees-north-mountain-resort,49-degrees-north-mountain-resort skiresort,49degreesnorth,NULL,NULL,North America,USA,Washington State,http://www.skiresort.info/ski-resort/49-degrees-north-mountain-resort/,1760,20,27,21,58,0,48,3
abenaki,abenaki skiresort,abenaki,NULL,NULL,North America,USA,New Hampshire,http://www.skiresort.info/ski-resort/abenaki/,250,0.5,0.3,0.2,0,0,0,null
aldis-hill-park-st-albans,aldis-hill-park-st-albans skiresort,aldishill,NULL,NULL,North America,USA,Vermont,http://www.skiresort.info/ski-resort/aldis-hill-park-st-albans/,150,0.2,0.2,0,0,0,0,null
alpine-mountain-ski-snow-tubing-center,alpine-mountain-ski-snow-tubing-center skiresort,alpinemountainski,NULL,NULL,North America,USA,Pennsylvania,http://www.skiresort.info/ski-resort/alpine-mountain-ski-snow-tubing-center/,351,2,4,2,55,0,45,3
alpine-valley-resort-elkhorn,alpine-valley-resort-elkhorn skiresort,alpinevalleyresort,NULL,NULL,North America,USA,Wisconsin,http://www.skiresort.info/ski-resort/alpine-valley-resort-elkhorn/,415,1.5,1.5,1,48,0,43,3.5
alpine-valley-white-lake,alpine-valley-white-lake skiresort,alpinevalley,NULL,NULL,North America,USA,Michigan,http://www.skiresort.info/ski-resort/alpine-valley-white-lake/,368,3,1,1,45,0,35,null
american-dream-meadowlands-east-rutherford,american-dream-meadowlands-east-rutherford skiresort,americandreammeadowlandseastrutherford,NULL,NULL,North America,USA,New Jersey,http://www.skiresort.info/ski-resort/american-dream-meadowlands-east-rutherford/,136,0.3,0,0,0,0,0,1
apple-mountain,apple-mountain skiresort,applemountain,NULL,NULL,North America,USA,Michigan,http://www.skiresort.info/ski-resort/apple-mountain/,244,0.8,0.8,0.4,35,0,0,null
aspen-mountain,aspen-mountain skiresort,aspenmountain,NULL,NULL,North America,USA,Colorado,http://www.skiresort.info/ski-resort/aspen-mountain/,3418,0,49,54,169,0,112,4
ausblick-sussex,ausblick-sussex skiresort,ausblickskiarea,NULL,NULL,North America,USA,Wisconsin,http://www.skiresort.info/ski-resort/ausblick-sussex/,350,0.8,0.6,0,30,0,0,2.5
badger-mountain,badger-mountain skiresort,badgermountainskihill,NULL,NULL,North America,USA,Washington State,http://www.skiresort.info/ski-resort/badger-mountain/,1158,2,0.5,0,10,10,10,null
badger-pass,badger-pass skiresort,badgerpass,NULL,NULL,North America,USA,California,http://www.skiresort.info/ski-resort/badger-pass/,2440,3.5,5,1.5,47,42,30,2.9
bald-mountain,bald-mountain skiresort,baldmountainskiarea,NULL,NULL,North America,USA,Idaho,http://www.skiresort.info/ski-resort/bald-mountain/,1463,3,4,2,20,0,17,1.4
bald-mountain-sun-valley,bald-mountain-sun-valley skiresort,baldmountainsunvalley,NULL,NULL,North America,USA,Idaho,http://www.skiresort.info/ski-resort/bald-mountain-sun-valley/,2788,35,40,17,125,0,75,3.9
bear-creek-mountain-resort,bear-creek-mountain-resort skiresort,bearcreekmountainresort,NULL,NULL,North America,USA,Pennsylvania,http://www.skiresort.info/ski-resort/bear-creek-mountain-resort/,335,3,4,3,67,0,58,3
bear-paw-ski-bowl,bear-paw-ski-bowl skiresort,bearpawskibowl,NULL,NULL,North America,USA,Montana,http://www.skiresort.info/ski-resort/bear-paw-ski-bowl/,1609,3,6,1,20,0,18,null
bear-valley,bear-valley skiresort,bearvalleyskiresort,NULL,NULL,North America,USA,California,http://www.skiresort.info/ski-resort/bear-valley/,2590,17,27,23,79,68,32,3.4
bearfire-resort-dallas-fort-worth-planned,bearfire-resort-dallas-fort-worth-planned skiresort,bearfireresortdallasfortworthplanned,NULL,NULL,North America,USA,Texas,http://www.skiresort.info/ski-resort/bearfire-resort-dallas-fort-worth-planned/,0,0,0,0,0,0,0,null
bears-den-mountain-fort-ransom,bears-den-mountain-fort-ransom skiresort,bearsdenmountain,NULL,NULL,North America,USA,North Dakota,http://www.skiresort.info/ski-resort/bears-den-mountain-fort-ransom/,430,2,2,0,25,0,21,null
beartown,beartown skiresort,beartownskiresort,NULL,NULL,North America,USA,New York,http://www.skiresort.info/ski-resort/beartown/,304,0.5,0.3,0,22,0,20,1.5
beech-mountain,beech-mountain skiresort,beechmountain,NULL,NULL,North America,USA,North Carolina,http://www.skiresort.info/ski-resort/beech-mountain/,1678,3,7,4,65,0,45,3.3
beef-trail,beef-trail skiresort,beeftrail,NULL,NULL,North America,USA,Montana,http://www.skiresort.info/ski-resort/beef-trail/,0,0,0,0,0,0,0,null
big-bear-at-masthope-mountain,big-bear-at-masthope-mountain skiresort,bigbearatmasthope,NULL,NULL,North America,USA,Pennsylvania,http://www.skiresort.info/ski-resort/big-bear-at-masthope-mountain/,450,3,2,2,59,0,45,3
big-boulder,big-boulder skiresort,bigboulderpark,NULL,NULL,North America,USA,Pennsylvania,http://www.skiresort.info/ski-resort/big-boulder/,663,3,1,0,58,0,45,null
big-creek-ski-area,big-creek-ski-area skiresort,bigcreekskiclub,NULL,NULL,North America,USA,Ohio,http://www.skiresort.info/ski-resort/big-creek-ski-area/,320,1,0,0,0,0,0,null
big-powderhorn-mountain,big-powderhorn-mountain skiresort,bigpowderhornmountain,NULL,NULL,North America,USA,Michigan,http://www.skiresort.info/ski-resort/big-powderhorn-mountain/,540,3.5,3.5,3,65,54,44,null
big-squaw,big-squaw skiresort,bigsquaw,NULL,NULL,North America,USA,Maine,http://www.skiresort.info/ski-resort/big-squaw/,933,3,3,2,30,0,25,null
black-rapid,black-rapid skiresort,blackrapids,NULL,NULL,North America,USA,Alaska,http://www.skiresort.info/ski-resort/black-rapid/,0,0,0,0,0,0,0,null
blackjack,blackjack skiresort,blackjackskiresort,NULL,NULL,North America,USA,Michigan,http://www.skiresort.info/ski-resort/blackjack/,510,2,4,4,65,0,52,null
blacktail-mountain,blacktail-mountain skiresort,blacktailmountain,NULL,NULL,North America,USA,Montana,http://www.skiresort.info/ski-resort/blacktail-mountain/,2066,3,11,3,40,28,19,null
blandford,blandford skiresort,skiblandford,NULL,NULL,North America,USA,Massachusetts,http://www.skiresort.info/ski-resort/blandford/,440,2,2,1,44,0,39,null
blue-hills,blue-hills skiresort,bluehillsskiarea,NULL,NULL,North America,USA,Massachusetts,http://www.skiresort.info/ski-resort/blue-hills/,180,1.5,1,0.5,45,0,0,null
boreal,boreal skiresort,borealskiresort,NULL,NULL,North America,USA,Western United States,http://www.skiresort.info/ski-resort/boreal/,2357,6,11,3,64,44,34,3.3
boston-mills,boston-mills skiresort,bostonmills,NULL,NULL,North America,USA,Ohio,http://www.skiresort.info/ski-resort/boston-mills/,270,0.5,0.5,0.5,43,0,38,null
bottineau-winter-park,bottineau-winter-park skiresort,bottineauwinterpark,NULL,NULL,North America,USA,North Dakota,http://www.skiresort.info/ski-resort/bottineau-winter-park/,740,0.8,0.3,0.2,35,30,20,null
boyce-park,boyce-park skiresort,boyceparkskislopes,NULL,NULL,North America,USA,Pennsylvania,http://www.skiresort.info/ski-resort/boyce-park/,380,1,0,0,22,16,8,null
boyne-mountain,boyne-mountain skiresort,boynemountain,NULL,NULL,North America,USA,Michigan,http://www.skiresort.info/ski-resort/boyne-mountain/,372,4.5,6,3.5,89,79,69,3.1
bradford,bradford skiresort,bradfordski,NULL,NULL,North America,USA,Massachusetts,http://www.skiresort.info/ski-resort/bradford/,80,1.5,1.5,1,52,0,0,null
brandywine,brandywine skiresort,brandywineskiresort,NULL,NULL,North America,USA,Ohio,http://www.skiresort.info/ski-resort/brandywine/,270,1,0.7,0.3,43,0,38,null
brantling-ski-slopes,brantling-ski-slopes skiresort,brantlingskislopes,NULL,NULL,North America,USA,New York,http://www.skiresort.info/ski-resort/brantling-ski-slopes/,210,0.7,0.3,0,32,0,29,null
brian-head,brian-head skiresort,brianheadskiresort,NULL,NULL,North America,USA,Utah,http://www.skiresort.info/ski-resort/brian-head/,3328,22,24,25,69,0,50,3.3
brighton,brighton skiresort,brightonskiresort,NULL,NULL,North America,USA,Utah,http://www.skiresort.info/ski-resort/brighton/,3200,10,18,38,79,0,49,4.1
bruce-mound,bruce-mound skiresort,brucemound,NULL,NULL,North America,USA,Wisconsin,http://www.skiresort.info/ski-resort/bruce-mound/,400,1,0.5,0.5,31,28,13,null
buena-vista,buena-vista skiresort,buenavistaskiarea,NULL,NULL,North America,USA,Minnesota,http://www.skiresort.info/ski-resort/buena-vista/,470,0.4,0.8,0.5,40,0,30,null
buttermilk-mountain,buttermilk-mountain skiresort,buttermilkmountain,NULL,NULL,North America,USA,Colorado,http://www.skiresort.info/ski-resort/buttermilk-mountain/,3018,11.9,13.3,8.8,169,0,112,4
camp-10,camp-10 skiresort,camp10skiandsnowboard,NULL,NULL,North America,USA,Wisconsin,http://www.skiresort.info/ski-resort/camp-10/,530,0.3,0.7,0.5,34,0,25,null
campgaw,campgaw skiresort,campgaw,NULL,NULL,North America,USA,New Jersey,http://www.skiresort.info/ski-resort/campgaw/,290,1,0,0,45,0,0,null
campton-mountain,campton-mountain skiresort,camptonmountain,NULL,NULL,North America,USA,New Hampshire,http://www.skiresort.info/ski-resort/campton-mountain/,435,0.6,0.5,0.2,15,0,0,2.8
carson-ski-resort,carson-ski-resort skiresort,carsonskiresort,NULL,NULL,North America,USA,California,http://www.skiresort.info/ski-resort/carson-ski-resort/,0,0,0,0,0,0,0,null
cascade-powder-guides,cascade-powder-guides skiresort,cascadepowderguides,NULL,NULL,North America,USA,Washington State,http://www.skiresort.info/ski-resort/cascade-powder-guides/,1705,0,0,0,465,0,465,null
cataldo-peak-adventures,cataldo-peak-adventures skiresort,cataldopeakadventures,NULL,NULL,North America,USA,Idaho,http://www.skiresort.info/ski-resort/cataldo-peak-adventures/,0,0,0,0,325,0,0,null
challenge-mountain-walloon-lake,challenge-mountain-walloon-lake skiresort,challengemountain,NULL,NULL,North America,USA,Michigan,http://www.skiresort.info/ski-resort/challenge-mountain-walloon-lake/,325,0.9,0.3,0,0,0,0,null
cloudcroft,cloudcroft skiresort,skicloudcroft,NULL,NULL,North America,USA,New Mexico,http://www.skiresort.info/ski-resort/cloudcroft/,2773,4,2,4,45,0,35,null
coppervale,coppervale skiresort,coppervale,NULL,NULL,North America,USA,California,http://www.skiresort.info/ski-resort/coppervale/,1825,1,2,0,0,0,0,1.5
cottonwood-butte,cottonwood-butte skiresort,cottonwoodbutte,NULL,NULL,North America,USA,Idaho,http://www.skiresort.info/ski-resort/cottonwood-butte/,1707,0,0,0,20,0,0,null
crescent-hills,crescent-hills skiresort,crescenthills,NULL,NULL,North America,USA,Iowa,http://www.skiresort.info/ski-resort/crescent-hills/,457,0.8,0.8,0.4,39,0,35,null
dartmouth-skiway,dartmouth-skiway skiresort,dartmouthskiway,NULL,NULL,North America,USA,New Hampshire,http://www.skiresort.info/ski-resort/dartmouth-skiway/,592,4,8,4,48,38,33,null
deer-mountain,deer-mountain skiresort,deermountain,NULL,NULL,North America,USA,South Dakota,http://www.skiresort.info/ski-resort/deer-mountain/,2028,10,7,5,45,0,36,2.9
denton-hill-state-park,denton-hill-state-park skiresort,dentonhillstatepark,NULL,NULL,North America,USA,Pennsylvania,http://www.skiresort.info/ski-resort/denton-hill-state-park/,750,4,2,2,0,0,0,null
donner-ski-area,donner-ski-area skiresort,donnerskiranch,NULL,NULL,North America,USA,Western United States,http://www.skiresort.info/ski-resort/donner-ski-area/,2240,6,8,0,59,47,25,3
donner-ski-ranch,donner-ski-ranch skiresort,donnerskiranch,NULL,NULL,North America,USA,Western United States,http://www.skiresort.info/ski-resort/donner-ski-ranch/,2371,13,26,13,69,59,29,3
dynamite-hill-chestertown,dynamite-hill-chestertown skiresort,dynamitehill,NULL,NULL,North America,USA,New York,http://www.skiresort.info/ski-resort/dynamite-hill-chestertown/,281,0.2,0,0,0,0,0,1
eagle-island-park,eagle-island-park skiresort,eagleislandpark,NULL,NULL,North America,USA,Idaho,http://www.skiresort.info/ski-resort/eagle-island-park/,781,0.1,0,0,20,0,20,1
eaton-mountain,eaton-mountain skiresort,eatonmountain,NULL,NULL,North America,USA,Maine,http://www.skiresort.info/ski-resort/eaton-mountain/,140,1.5,0.5,0,15,0,0,null
echo-valley-lake-chelan,echo-valley-lake-chelan skiresort,echovalleylake,NULL,NULL,North America,USA,Washington State,http://www.skiresort.info/ski-resort/echo-valley-lake-chelan/,950,1,0.4,0.1,25,0,0,null
eldora-mountain,eldora-mountain skiresort,eldoramountainresort,NULL,NULL,North America,USA,Colorado,http://www.skiresort.info/ski-resort/eldora-mountain/,3292,11,26,15,94,0,54,3.2
elk-ridge-williams,elk-ridge-williams skiresort,elkridgewilliams,NULL,NULL,North America,USA,Arizona,http://www.skiresort.info/ski-resort/elk-ridge-williams/,2452,0.6,1.5,0.9,40,0,25,null
ferguson-ridge,ferguson-ridge skiresort,fergusonridge,NULL,NULL,North America,USA,Oregon,http://www.skiresort.info/ski-resort/ferguson-ridge/,1780,2,2,1,20,0,10,null
fort-wainwrightbirch-hill-fairbanks,fort-wainwrightbirch-hill-fairbanks skiresort,fortwainwrightalaska,NULL,NULL,North America,USA,Alaska,http://www.skiresort.info/ski-resort/fort-wainwrightbirch-hill-fairbanks/,300,1.5,0.3,0,0,0,0,null
four-seasons,four-seasons skiresort,fourseasonsjimbaran11,NULL,NULL,North America,USA,New York,http://www.skiresort.info/ski-resort/four-seasons/,185,0.4,0.1,0,24,0,18,null
fox-hill,fox-hill skiresort,foxhill111,NULL,NULL,North America,USA,Wisconsin,http://www.skiresort.info/ski-resort/fox-hill/,385,0.5,0.3,0.2,0,0,0,null
frost-fire-mountain,frost-fire-mountain skiresort,frostfiremountain,NULL,NULL,North America,USA,North Dakota,http://www.skiresort.info/ski-resort/frost-fire-mountain/,440,0.7,0.6,0.2,40,0,30,null
giants-ridge,giants-ridge skiresort,giantsridge,NULL,NULL,North America,USA,Minnesota,http://www.skiresort.info/ski-resort/giants-ridge/,560,4,5,3,54,0,38,3.3
great-bear-ski-area,great-bear-ski-area skiresort,greatbearskivalley,NULL,NULL,North America,USA,South Dakota,http://www.skiresort.info/ski-resort/great-bear-ski-area/,470,1.5,2,1,26,0,0,null
great-divide,great-divide skiresort,greatdivideski,NULL,NULL,North America,USA,Montana,http://www.skiresort.info/ski-resort/great-divide/,2210,10,20,20,40,30,20,3
haystack-mountain-the-hermitage-club,haystack-mountain-the-hermitage-club skiresort,haystackmountainthehermitageclub,NULL,NULL,North America,USA,Vermont,http://www.skiresort.info/ski-resort/haystack-mountain-the-hermitage-club/,975,5.6,9.5,4.2,0,0,0,3.7
heiliger-huegel-hubertus,heiliger-huegel-hubertus skiresort,heiligerhuegel,NULL,NULL,North America,USA,Wisconsin,http://www.skiresort.info/ski-resort/heiliger-huegel-hubertus/,391,0.6,0.4,0.2,25,0,0,2.7
hermon-mountain,hermon-mountain skiresort,hermonmountain,NULL,NULL,North America,USA,Maine,http://www.skiresort.info/ski-resort/hermon-mountain/,140,2,0.5,0.5,27,0,22,2.3
hickory-ski-center,hickory-ski-center skiresort,hickoryskicenter,NULL,NULL,North America,USA,New York,http://www.skiresort.info/ski-resort/hickory-ski-center/,583,3,3,2,45,0,30,null
hidden-valley-mo,hidden-valley-mo skiresort,hiddenvalleyski,NULL,NULL,North America,USA,Missouri,http://www.skiresort.info/ski-resort/hidden-valley-mo/,240,1,2,1,48,0,30,2.9
hilltop-anchorage,hilltop-anchorage skiresort,hilltopanchorage,NULL,NULL,North America,USA,Alaska,http://www.skiresort.info/ski-resort/hilltop-anchorage/,140,4,1,0,32,30,20,2.8
holiday-mountain-ny,holiday-mountain-ny skiresort,holidaymountain,NULL,NULL,North America,USA,New York,http://www.skiresort.info/ski-resort/holiday-mountain-ny/,440,1,2,1,42,0,0,null
hunter-mountain,hunter-mountain skiresort,huntermountain,NULL,NULL,North America,USA,New York,http://www.skiresort.info/ski-resort/hunter-mountain/,975,18,18,19,80,0,64,3.4
hyland-ski-snowboard-area,hyland-ski-snowboard-area skiresort,hylandskisnowboardarea,NULL,NULL,North America,USA,Minnesota,http://www.skiresort.info/ski-resort/hyland-ski-snowboard-area/,310,0.6,0.4,0.2,34,0,31,3
indian-lake,indian-lake skiresort,indianlake111,NULL,NULL,North America,USA,New York,http://www.skiresort.info/ski-resort/indian-lake/,599,0.6,0.3,0,0,0,0,1.5
jerrys-heliski-alaska,jerrys-heliski-alaska skiresort,jerrysheliskialaska,NULL,NULL,North America,USA,Alaska,http://www.skiresort.info/ski-resort/jerrys-heliski-alaska/,0,0,0,0,0,0,0,null
kettlebowl,kettlebowl skiresort,kettlebowl111,NULL,NULL,North America,USA,Wisconsin,http://www.skiresort.info/ski-resort/kettlebowl/,542,0.3,1.1,0,5,3,2,1
keyes-peak-florence,keyes-peak-florence skiresort,keyespeakflorence,NULL,NULL,North America,USA,Wisconsin,http://www.skiresort.info/ski-resort/keyes-peak-florence/,450,0.5,0,0,12,0,8,null
kirkwood,kirkwood skiresort,kirkwooddeep,NULL,NULL,North America,USA,Western United States,http://www.skiresort.info/ski-resort/kirkwood/,2987,15,30,20,119,107,87,3.2
lake-city-ski-hill,lake-city-ski-hill skiresort,lakecityskihill,NULL,NULL,North America,USA,Colorado,http://www.skiresort.info/ski-resort/lake-city-ski-hill/,2771,0.7,0.3,0,15,0,7,1.5
las-vegas-ski-and-snowboard-resort-lee-canyon,las-vegas-ski-and-snowboard-resort-lee-canyon skiresort,asvegasskiandsnowboard,NULL,NULL,North America,USA,Nevada,http://www.skiresort.info/ski-resort/las-vegas-ski-and-snowboard-resort-lee-canyon/,2856,0.3,5,2,70,0,60,2.8
las-vegas-wet-planned,las-vegas-wet-planned skiresort,lasvegaswetplanned,NULL,NULL,North America,USA,Nevada,http://www.skiresort.info/ski-resort/las-vegas-wet-planned/,0,0,0,0,0,0,0,null
leavenworth-ski-hill,leavenworth-ski-hill skiresort,skileavenworth,NULL,NULL,North America,USA,Washington State,http://www.skiresort.info/ski-resort/leavenworth-ski-hill/,520,1,0,0,18,0,14,1
little-ski-hill,little-ski-hill skiresort,littleskihill,NULL,NULL,North America,USA,Idaho,http://www.skiresort.info/ski-resort/little-ski-hill/,1700,1.4,0,0,15,0,12,null
little-switzerland-ski-resort,little-switzerland-ski-resort skiresort,littleswitzerlandskiresort,NULL,NULL,North America,USA,Wisconsin,http://www.skiresort.info/ski-resort/little-switzerland-ski-resort/,380,1.1,1.3,0.6,44,0,32,2.6
living-memorial-park-brattleboro,living-memorial-park-brattleboro skiresort,livingmemorialpark,NULL,NULL,North America,USA,Vermont,http://www.skiresort.info/ski-resort/living-memorial-park-brattleboro/,189,0.5,0,0,5,0,0,1.5
lonesome-pine-trails-fort-kent,lonesome-pine-trails-fort-kent skiresort,lonesomepinetrails,NULL,NULL,North America,USA,Maine,http://www.skiresort.info/ski-resort/lonesome-pine-trails-fort-kent/,299,1,1.6,2,20,0,17,1.4
lutsen-mountains,lutsen-mountains skiresort,lutsenmountains,NULL,NULL,North America,USA,Minnesota,http://www.skiresort.info/ski-resort/lutsen-mountains/,503,8,19,13,82,0,67,3.6
lyndon-outing-club,lyndon-outing-club skiresort,lyndonoutingclub,NULL,NULL,North America,USA,Vermont,http://www.skiresort.info/ski-resort/lyndon-outing-club/,380,1.5,1,0.1,15,0,10,1.4
lynx-creek,lynx-creek skiresort,lynxcreek111,NULL,NULL,North America,USA,New Hampshire,http://www.skiresort.info/ski-resort/lynx-creek/,0,0,0,0,0,0,0,null
magic-mountain-resort,magic-mountain-resort skiresort,magicmountainresort,NULL,NULL,North America,USA,Idaho,http://www.skiresort.info/ski-resort/magic-mountain-resort/,2207,3.5,3,4,31,0,22,null
massanutten,massanutten skiresort,massanutten,NULL,NULL,North America,USA,Virginia,http://www.skiresort.info/ski-resort/massanutten/,871,2,3.5,2.5,70,0,60,2.9
maverick-mountain,maverick-mountain skiresort,mammothmountainskipatrol,NULL,NULL,North America,USA,Montana,http://www.skiresort.info/ski-resort/maverick-mountain/,2596,6,8,6,36,0,22,3
mccauly-mountain,mccauly-mountain skiresort,mccaulymountain,NULL,NULL,North America,USA,New York,http://www.skiresort.info/ski-resort/mccauly-mountain/,700,3,4,2,30,0,25,2.4
meadowlark-ski-lodge,meadowlark-ski-lodge skiresort,meadowlarkskilodge,NULL,NULL,North America,USA,Wyoming,http://www.skiresort.info/ski-resort/meadowlark-ski-lodge/,2828,3,4,3,45,38,27,3
meany-lodge,meany-lodge skiresort,meanylodge,NULL,NULL,North America,USA,Washington State,http://www.skiresort.info/ski-resort/meany-lodge/,1027,1,1,0,0,0,0,null
missaukee-mountain,missaukee-mountain skiresort,missaukeemountain,NULL,NULL,North America,USA,Michigan,http://www.skiresort.info/ski-resort/missaukee-mountain/,0,0,0,0,0,0,0,null
mont-ripley,mont-ripley skiresort,montripley,NULL,NULL,North America,USA,Michigan,http://www.skiresort.info/ski-resort/mont-ripley/,330,2,2.2,2.7,45,0,40,2.7
mott-mountain,mott-mountain skiresort,mottmountainmoon,NULL,NULL,North America,USA,Michigan,http://www.skiresort.info/ski-resort/mott-mountain/,0,0,0,0,0,0,0,null
mount-greylock-south-williamstown,mount-greylock-south-williamstown skiresort,mountgreylocksouthwilliamstown,NULL,NULL,North America,USA,Massachusetts,http://www.skiresort.info/ski-resort/mount-greylock-south-williamstown/,481,1.2,3,0.6,0,0,0,1
mount-snow,mount-snow skiresort,mountsnow,NULL,NULL,North America,USA,Vermont,http://www.skiresort.info/ski-resort/mount-snow/,1095,6,46,8,95,0,75,3.7
mountain-high-east,mountain-high-east skiresort,mountainhigheast,NULL,NULL,North America,USA,California,http://www.skiresort.info/ski-resort/mountain-high-east/,2496,2,5,4,74,0,35,3.9
mountain-high-north,mountain-high-north skiresort,mountainhighnorth,NULL,NULL,North America,USA,California,http://www.skiresort.info/ski-resort/mountain-high-north/,2287,2,3,0,74,0,35,3
mountain-high-west,mountain-high-west skiresort,mountainhighwest,NULL,NULL,North America,USA,California,http://www.skiresort.info/ski-resort/mountain-high-west/,2410,3,5,7,74,0,35,3.4
mt-bailey,mt-bailey skiresort,mtbailey,NULL,NULL,North America,USA,Oregon,http://www.skiresort.info/ski-resort/mt-bailey/,0,0,0,0,350,0,0,null
mt-baker,mt-baker skiresort,mtbakerskiarea,NULL,NULL,North America,USA,Washington State,http://www.skiresort.info/ski-resort/mt-baker/,1525,24,45,31,62,40,30,3
mt-bohemia,mt-bohemia skiresort,mtbohemia,NULL,NULL,North America,USA,Michigan,http://www.skiresort.info/ski-resort/mt-bohemia/,445,0,3,10,59,0,0,3
mt-eustis-littleton,mt-eustis-littleton skiresort,mteustis,NULL,NULL,North America,USA,New Hampshire,http://www.skiresort.info/ski-resort/mt-eustis-littleton/,0,0,0,0,0,0,0,null
mt-eyak,mt-eyak skiresort,mteyak,NULL,NULL,North America,USA,Alaska,http://www.skiresort.info/ski-resort/mt-eyak/,366,1,2,2,30,0,20,3
mt-holiday,mt-holiday skiresort,mtholiday,NULL,NULL,North America,USA,Michigan,http://www.skiresort.info/ski-resort/mt-holiday/,274,1,2,1.5,32,0,26,2.6
mt-jefferson,mt-jefferson skiresort,mtjeffersonskiarea,NULL,NULL,North America,USA,Maine,http://www.skiresort.info/ski-resort/mt-jefferson/,230,3,4,2.5,20,0,15,1.4
mt-kato,mt-kato skiresort,mtkato,NULL,NULL,North America,USA,Minnesota,http://www.skiresort.info/ski-resort/mt-kato/,313,2.5,4.5,5,41,0,33,2.9
mt-la-crosse,mt-la-crosse skiresort,mtlacrosse,NULL,NULL,North America,USA,Wisconsin,http://www.skiresort.info/ski-resort/mt-la-crosse/,372,1.5,3,2.5,51,0,48,2.9
mt-mc-sauba,mt-mc-sauba skiresort,mtmcsauba,NULL,NULL,North America,USA,Michigan,http://www.skiresort.info/ski-resort/mt-mc-sauba/,0,0,0,0,0,0,0,null
mt-peter,mt-peter skiresort,mtpeter,NULL,NULL,North America,USA,New York,http://www.skiresort.info/ski-resort/mt-peter/,330,1,2,0.8,49,0,42,2.9
mt-pisgah,mt-pisgah skiresort,mtpisgahsummit,NULL,NULL,North America,USA,New York,http://www.skiresort.info/ski-resort/mt-pisgah/,627,1,0,0,20,0,0,1.5
mt-sunapee,mt-sunapee skiresort,mtsunapee,NULL,NULL,North America,USA,New Hampshire,http://www.skiresort.info/ski-resort/mt-sunapee/,828,8,16,6,84,67,57,3.6
mt-zion-hill,mt-zion-hill skiresort,mtzionhill,NULL,NULL,North America,USA,Michigan,http://www.skiresort.info/ski-resort/mt-zion-hill/,0,0,0,0,0,0,0,null
mystic-mountain-farmington,mystic-mountain-farmington skiresort,mysticmountainfarmington,NULL,NULL,North America,USA,Pennsylvania,http://www.skiresort.info/ski-resort/mystic-mountain-farmington/,619,2.3,1,0.6,43,0,35,2.9
navarino-hills,navarino-hills skiresort,navarinohills,NULL,NULL,North America,USA,Wisconsin,http://www.skiresort.info/ski-resort/navarino-hills/,270,0.5,0.3,0,27,0,10,2.4
nor-ski-runs-decorah,nor-ski-runs-decorah skiresort,norskirunsdecorah111,NULL,NULL,North America,USA,Iowa,http://www.skiresort.info/ski-resort/nor-ski-runs-decorah/,0,0,0,0,0,0,0,null
north-bicentennial-park,north-bicentennial-park skiresort,northbicentennialpark,NULL,NULL,North America,USA,Alaska,http://www.skiresort.info/ski-resort/north-bicentennial-park/,0,0,0,0,0,0,0,null
northeast-slopes-east-corinth,northeast-slopes-east-corinth skiresort,northeastslopes,NULL,NULL,North America,USA,Vermont,http://www.skiresort.info/ski-resort/northeast-slopes-east-corinth/,355,1.2,1,0,15,0,0,1.2
nubs-nob-ski-area,nubs-nob-ski-area skiresort,nubsnobski,NULL,NULL,North America,USA,Michigan,http://www.skiresort.info/ski-resort/nubs-nob-ski-area/,403,6.2,9,3.7,80,68,57,3
nutt-hill-plymouth,nutt-hill-plymouth skiresort,nutthillplymouth,NULL,NULL,North America,USA,Wisconsin,http://www.skiresort.info/ski-resort/nutt-hill-plymouth/,309,0.2,0,0,0,0,0,1
oak-mountain,oak-mountain skiresort,oakmountainskiresort,NULL,NULL,North America,USA,New York,http://www.skiresort.info/ski-resort/oak-mountain/,740,6,4,2,38,0,27,2.8
otsego-gaylord,otsego-gaylord skiresort,otsegogaylord,NULL,NULL,North America,USA,Michigan,http://www.skiresort.info/ski-resort/otsego-gaylord/,422,3,2,2,65,55,50,3
paul-bunyan-ski-hill,paul-bunyan-ski-hill skiresort,paulbunyanskihill,NULL,NULL,North America,USA,Wisconsin,http://www.skiresort.info/ski-resort/paul-bunyan-ski-hill/,0,0,0,0,0,0,0,null
pine-creek,pine-creek skiresort,pinecreekskiresort,NULL,NULL,North America,USA,Wyoming,http://www.skiresort.info/ski-resort/pine-creek/,2508,4,7,5,43,0,38,3
pine-mountain,pine-mountain skiresort,pinemountain,NULL,NULL,North America,USA,Michigan,http://www.skiresort.info/ski-resort/pine-mountain/,461,2.5,5.5,1.5,45,37,25,2.9
pinnacle-park-pittsfield,pinnacle-park-pittsfield skiresort,pinnacleparkpittsfield,NULL,NULL,North America,USA,Maine,http://www.skiresort.info/ski-resort/pinnacle-park-pittsfield/,96,0.3,0.2,0.2,0,0,0,1
plumas-eureka-ski-bowl,plumas-eureka-ski-bowl skiresort,plumaseurekaskibowl,NULL,NULL,North America,USA,California,http://www.skiresort.info/ski-resort/plumas-eureka-ski-bowl/,1874,1,0.2,0.1,0,0,0,null
plumtree-ski-hill-fawnridge,plumtree-ski-hill-fawnridge skiresort,plumtreeskihillfawnridge,NULL,NULL,North America,USA,Illinois,http://www.skiresort.info/ski-resort/plumtree-ski-hill-fawnridge/,0,0,0,0,0,0,0,null
polar-peak,polar-peak skiresort,polarpeak,NULL,NULL,North America,USA,New York,http://www.skiresort.info/ski-resort/polar-peak/,196,1,0.5,0.4,0,0,0,1
pomerelle,pomerelle skiresort,pomerelle,NULL,NULL,North America,USA,Idaho,http://www.skiresort.info/ski-resort/pomerelle/,2640,4,7,4,38,0,29,3
porcupine-mountain,porcupine-mountain skiresort,porcupinemountain,NULL,NULL,North America,USA,Michigan,http://www.skiresort.info/ski-resort/porcupine-mountain/,415,3.2,3.5,3,39,0,30,null
powderbird,powderbird skiresort,powderbird,NULL,NULL,North America,USA,Utah,http://www.skiresort.info/ski-resort/powderbird/,0,0,0,0,0,0,0,null
powderhorn,powderhorn skiresort,powderhornskiresort,NULL,NULL,North America,USA,Colorado,http://www.skiresort.info/ski-resort/powderhorn/,3000,5,15,18,71,60,35,3.6
powderhouse-hill-south-berwick,powderhouse-hill-south-berwick skiresort,powderhousehill,NULL,NULL,North America,USA,Maine,http://www.skiresort.info/ski-resort/powderhouse-hill-south-berwick/,80,0.5,0,0,5,0,0,1
powers-bluff,powers-bluff skiresort,powersbluff,NULL,NULL,North America,USA,Wisconsin,http://www.skiresort.info/ski-resort/powers-bluff/,436,1,0,0,8,0,0,1
quadna-mountain,quadna-mountain skiresort,quadnamountainpark,NULL,NULL,North America,USA,Minnesota,http://www.skiresort.info/ski-resort/quadna-mountain/,0,0,0,0,0,0,0,null
quechee-lakes-ski-area,quechee-lakes-ski-area skiresort,quecheelakesskiarea,NULL,NULL,North America,USA,Vermont,http://www.skiresort.info/ski-resort/quechee-lakes-ski-area/,380,2,2.5,0.5,36,0,32,2.8
ravenswood,ravenswood skiresort,ravenswood,NULL,NULL,North America,USA,Alaska,http://www.skiresort.info/ski-resort/ravenswood/,0,0,0,0,0,0,0,null
red-hill-moultonborough,red-hill-moultonborough skiresort,redhillmountain,NULL,NULL,North America,USA,New Hampshire,http://www.skiresort.info/ski-resort/red-hill-moultonborough/,260,0.4,0.4,0.2,0,0,0,1
red-river,red-river skiresort,redriverski,NULL,NULL,North America,USA,New Mexico,http://www.skiresort.info/ski-resort/red-river/,3135,7,6,7,73,67,57,3
riverside-hills,riverside-hills skiresort,riversidehills111,NULL,NULL,North America,USA,Iowa,http://www.skiresort.info/ski-resort/riverside-hills/,0,0,0,0,0,0,0,null
riverview-highlands,riverview-highlands skiresort,riverviewhighlands111,NULL,NULL,North America,USA,Michigan,http://www.skiresort.info/ski-resort/riverview-highlands/,0,0,0,0,0,0,0,null
royal-mountain,royal-mountain skiresort,royalmountainskiarea,NULL,NULL,North America,USA,New York,http://www.skiresort.info/ski-resort/royal-mountain/,533,2.5,3,2,40,0,30,3
ruby-mountain,ruby-mountain skiresort,rubymountain,NULL,NULL,North America,USA,Nevada,http://www.skiresort.info/ski-resort/ruby-mountain/,3350,0,0,0,0,0,0,null
sahalie-ski-club,sahalie-ski-club skiresort,sahalieskiclub111,NULL,NULL,North America,USA,Washington State,http://www.skiresort.info/ski-resort/sahalie-ski-club/,966,1,0.5,0,0,0,0,null
sand-master-park-florence,sand-master-park-florence skiresort,sandmasterparkflorence,NULL,NULL,North America,USA,Oregon,http://www.skiresort.info/ski-resort/sand-master-park-florence/,40,0,0,0.1,25,0,0,1
sawkill-ski,sawkill-ski skiresort,sawkillski,NULL,NULL,North America,USA,New York,http://www.skiresort.info/ski-resort/sawkill-ski/,0,0,0,0,40,0,33,null
sawmill-mountain-resort,sawmill-mountain-resort skiresort,sawmillmountain,NULL,NULL,North America,USA,Pennsylvania,http://www.skiresort.info/ski-resort/sawmill-mountain-resort/,620,0.9,2.5,1,37,0,30,2.6
scotch-valley-resort,scotch-valley-resort skiresort,scotchvalleyskiresort,NULL,NULL,North America,USA,New York,http://www.skiresort.info/ski-resort/scotch-valley-resort/,0,0,0,0,0,0,0,null
seacoast-snow-park,seacoast-snow-park skiresort,seacoastsnowpark,NULL,NULL,North America,USA,Maine,http://www.skiresort.info/ski-resort/seacoast-snow-park/,0,0,0,0,0,0,0,null
seven-oaks,seven-oaks skiresort,sevenoaks1,NULL,NULL,North America,USA,Iowa,http://www.skiresort.info/ski-resort/seven-oaks/,330,1.5,2,0.5,36,0,27,3
shanty-creek-resorts-summit-mountain,shanty-creek-resorts-summit-mountain skiresort,shantycreekresorts,NULL,NULL,North America,USA,Michigan,http://www.skiresort.info/ski-resort/shanty-creek-resorts-summit-mountain/,300,0.8,2.5,0.7,69,59,54,3
showdown,showdown skiresort,showdownskiarea,NULL,NULL,North America,USA,Montana,http://www.skiresort.info/ski-resort/showdown/,2500,6,8,6,45,40,25,3
sierra-summit,sierra-summit skiresort,sierrasummit,NULL,NULL,North America,USA,California,http://www.skiresort.info/ski-resort/sierra-summit/,0,0,0,0,0,0,0,null
skiland-mt-aurora,skiland-mt-aurora skiresort,skilandmtaurora,NULL,NULL,North America,USA,Alaska,http://www.skiresort.info/ski-resort/skiland-mt-aurora/,745,4,9,4,35,0,20,3
skyline-friendship,skyline-friendship skiresort,skylinefriendship,NULL,NULL,North America,USA,Wisconsin,http://www.skiresort.info/ski-resort/skyline-friendship/,392,1,0.4,0.3,0,0,0,1.4
sleeping-giant,sleeping-giant skiresort,sleepinggiantskiresort,NULL,NULL,North America,USA,Wyoming,http://www.skiresort.info/ski-resort/sleeping-giant/,2265,3,8,6,34,26,16,2.7
sleepy-hollow-sports-park-des-moines,sleepy-hollow-sports-park-des-moines skiresort,sleepyhollowsportsparkdesmoines,NULL,NULL,North America,USA,Iowa,http://www.skiresort.info/ski-resort/sleepy-hollow-sports-park-des-moines/,286,0.5,0.4,0.3,0,0,0,2.8
smugglers-notch,smugglers-notch skiresort,smugglersnotch,NULL,NULL,North America,USA,Vermont,http://www.skiresort.info/ski-resort/smugglers-notch/,1112,13,41,24,80,0,64,3
snoebahn-centennial,snoebahn-centennial skiresort,snoebahncentennial,NULL,NULL,North America,USA,Colorado,http://www.skiresort.info/ski-resort/snoebahn-centennial/,1710,0.1,0,0,40,0,35,null
snow-hill-at-eastman,snow-hill-at-eastman skiresort,snowhillathome,NULL,NULL,North America,USA,New Hampshire,http://www.skiresort.info/ski-resort/snow-hill-at-eastman/,420,0.5,0.5,0,0,0,0,null
snow-summit-big-bear-lake,snow-summit-big-bear-lake skiresort,snowsummitbigbear,NULL,NULL,North America,USA,California,http://www.skiresort.info/ski-resort/snow-summit-big-bear-lake/,2500,10,12,7,89,73,36,3.4
song-mountain,song-mountain skiresort,songmountainskiteam,NULL,NULL,North America,USA,New York,http://www.skiresort.info/ski-resort/song-mountain/,585,4.5,6,2.5,56,0,46,2.9
spout-springs,spout-springs skiresort,spoutsprings,NULL,NULL,North America,USA,Oregon,http://www.skiresort.info/ski-resort/spout-springs/,1670,3,5,1.5,35,30,25,3
spruce-mountain-jay,spruce-mountain-jay skiresort,sprucemountainjay111,NULL,NULL,North America,USA,Maine,http://www.skiresort.info/ski-resort/spruce-mountain-jay/,183,0.6,1.4,0.4,25,0,20,1
stagecoach,stagecoach skiresort,stagecoachskiarea,NULL,NULL,North America,USA,Colorado,http://www.skiresort.info/ski-resort/stagecoach/,2867,0,0,0,0,0,0,null
standing-rocks,standing-rocks skiresort,standingrocksskihill,NULL,NULL,North America,USA,Wisconsin,http://www.skiresort.info/ski-resort/standing-rocks/,370,0.6,0.3,0.3,8,0,5,null
steamboat,steamboat skiresort,skisteamboat,NULL,NULL,North America,USA,Colorado,http://www.skiresort.info/ski-resort/steamboat/,3221,25,95,45,165,135,105,3.9
stevens-pass,stevens-pass skiresort,stevenspassskipatrol,NULL,NULL,North America,USA,Washington State,http://www.skiresort.info/ski-resort/stevens-pass/,1750,6,18,15,74,0,50,3.5
stover-mountain,stover-mountain skiresort,stovermountain,NULL,NULL,North America,USA,California,http://www.skiresort.info/ski-resort/stover-mountain/,1710,0,0,0,0,0,0,null
sugar-mountain,sugar-mountain skiresort,sugarmountainskiresort,NULL,NULL,North America,USA,North Carolina,http://www.skiresort.info/ski-resort/sugar-mountain/,1589,4,7,3,72,0,49,3.7
sugarloaf,sugarloaf skiresort,sugarloafskiing,NULL,NULL,North America,USA,Maine,http://www.skiresort.info/ski-resort/sugarloaf/,1286,28,40,51,95,79,69,3.4
suicide-six,suicide-six skiresort,suicidesix,NULL,NULL,North America,USA,Vermont,http://www.skiresort.info/ski-resort/suicide-six/,411,3.5,4,3,68,0,50,3
summit-ski-area-at-mt-hood,summit-ski-area-at-mt-hood skiresort,summitskiarea,NULL,NULL,North America,USA,Oregon,http://www.skiresort.info/ski-resort/summit-ski-area-at-mt-hood/,1312,2,2,0,30,0,20,3
sundown,sundown skiresort,skisundown,NULL,NULL,North America,USA,Connecticut,http://www.skiresort.info/ski-resort/sundown/,330,2.7,1.4,1.7,60,52,18,null
sunset-ski-area,sunset-ski-area skiresort,sunsetskiarea,NULL,NULL,North America,USA,Iowa,http://www.skiresort.info/ski-resort/sunset-ski-area/,0,0,0,0,0,0,0,null
teton-pass,teton-pass skiresort,tetonpassskiarea,NULL,NULL,North America,USA,Montana,http://www.skiresort.info/ski-resort/teton-pass/,2194,6,5,4,45,40,30,2.6
the-ridge-le-roy,the-ridge-le-roy skiresort,theridgeleroy,NULL,NULL,North America,USA,New York,http://www.skiresort.info/ski-resort/the-ridge-le-roy/,245,0.4,0.3,0,0,0,0,1.5
thunder-ridge,thunder-ridge skiresort,thunderridgeski,NULL,NULL,North America,USA,New York,http://www.skiresort.info/ski-resort/thunder-ridge/,267,1.8,1,1.4,52,0,37,null
timberline-four-seasons,timberline-four-seasons skiresort,timberlinefourseasons,NULL,NULL,North America,USA,West Virginia,http://www.skiresort.info/ski-resort/timberline-four-seasons/,1301,6,6,6,79,0,55,3
titcomb-mountain,titcomb-mountain skiresort,titcombmountain,NULL,NULL,North America,USA,Maine,http://www.skiresort.info/ski-resort/titcomb-mountain/,210,1,1.1,2.3,22,0,0,null
toggenburg-ski-center,toggenburg-ski-center skiresort,toggenburgskicenter,NULL,NULL,North America,USA,New York,http://www.skiresort.info/ski-resort/toggenburg-ski-center/,543,3.2,2,3.1,50,0,40,null
treetops-sylvan,treetops-sylvan skiresort,treetopssylvan,NULL,NULL,North America,USA,Michigan,http://www.skiresort.info/ski-resort/treetops-sylvan/,405,0.3,1.9,2.2,59,55,49,null
triangle-sports-area-green-bay,triangle-sports-area-green-bay skiresort,trianglesportsareagreenbay,NULL,NULL,North America,USA,Wisconsin,http://www.skiresort.info/ski-resort/triangle-sports-area-green-bay/,217,0.5,0.1,0,0,0,0,1
trollhaugen,trollhaugen skiresort,trollhaugen,NULL,NULL,North America,USA,Wisconsin,http://www.skiresort.info/ski-resort/trollhaugen/,362,2.5,1.5,0.9,50,0,40,2.6
val-bialas-ski-center-utica,val-bialas-ski-center-utica skiresort,valbialas,NULL,NULL,North America,USA,New York,http://www.skiresort.info/ski-resort/val-bialas-ski-center-utica/,251,0.8,0.4,0.6,0,0,0,2.6
veterans-memorial-franklin,veterans-memorial-franklin skiresort,veteransmemorialfranklin,NULL,NULL,North America,USA,New Hampshire,http://www.skiresort.info/ski-resort/veterans-memorial-franklin/,305,0.6,0.4,0,0,0,0,1.3
villa-olivia-bartlett,villa-olivia-bartlett skiresort,villaoliviabartlett,NULL,NULL,North America,USA,Illinois,http://www.skiresort.info/ski-resort/villa-olivia-bartlett/,258,0.2,0.6,0.6,40,29,17,2.2
ward-hill-shrewsbury,ward-hill-shrewsbury skiresort,wardhillshrewsbury111,NULL,NULL,North America,USA,Massachusetts,http://www.skiresort.info/ski-resort/ward-hill-shrewsbury/,160,0.6,1,0.5,49,0,10,2.5
warner-canyon-lakeview,warner-canyon-lakeview skiresort,warnercanyonskiarea,NULL,NULL,North America,USA,Oregon,http://www.skiresort.info/ski-resort/warner-canyon-lakeview/,1975,2.4,1.6,5.9,32,22,18,null
wenatchee-mission-ridge,wenatchee-mission-ridge skiresort,wenatcheemissionridge111,NULL,NULL,North America,USA,Washington State,http://www.skiresort.info/ski-resort/wenatchee-mission-ridge/,2078,10,60,30,63,0,43,3.4
whaleback,whaleback skiresort,whaleback,NULL,NULL,North America,USA,New Hampshire,http://www.skiresort.info/ski-resort/whaleback/,543,5.2,2.8,3.5,43,32,27,2.8
white-pine-pinedale,white-pine-pinedale skiresort,whitepineskiresort,NULL,NULL,North America,USA,Wyoming,http://www.skiresort.info/ski-resort/white-pine-pinedale/,2847,3.7,2.6,5.3,48,0,35,3
whitetail-ridge-fort-mccoy,whitetail-ridge-fort-mccoy skiresort,whitetailresort,NULL,NULL,North America,USA,Wisconsin,http://www.skiresort.info/ski-resort/whitetail-ridge-fort-mccoy/,322,0.7,0.5,0,30,0,25,1.5
willamette-pass-crescent,willamette-pass-crescent skiresort,willamettepass,NULL,NULL,North America,USA,Oregon,http://www.skiresort.info/ski-resort/willamette-pass-crescent/,2036,6,13,10,49,0,30,3.4
winter-park-kewaunee-county,winter-park-kewaunee-county skiresort,winterparkresort,NULL,NULL,North America,USA,Wisconsin,http://www.skiresort.info/ski-resort/winter-park-kewaunee-county/,225,0.5,0.5,0.1,10,0,0,1.5
winterclub-indoor-ski-snowboard-winter-park,winterclub-indoor-ski-snowboard-winter-park skiresort,winterclubindoorski,NULL,NULL,North America,USA,Florida,http://www.skiresort.info/ski-resort/winterclub-indoor-ski-snowboard-winter-park/,34,0.1,0,0,0,0,0,1
wisp-mchenry-deep-creek-lake,wisp-mchenry-deep-creek-lake skiresort,wispmchenrydeepcreeklake,NULL,NULL,North America,USA,Maryland,http://www.skiresort.info/ski-resort/wisp-mchenry-deep-creek-lake/,950,5.6,6.1,4.3,74,0,54,null
woodbury,woodbury skiresort,woodburyskiarea,NULL,NULL,North America,USA,Connecticut,http://www.skiresort.info/ski-resort/woodbury/,259,3.5,3.5,2.6,42,0,35,null
woods-valley,woods-valley skiresort,woodsvalley,NULL,NULL,North America,USA,New York,http://www.skiresort.info/ski-resort/woods-valley/,325,2,1.5,0.5,43,0,37,null