Resort Name,Continent,Country,State/Province,URL,Altitude,Easy(km),Intermediate(km) ,Difficult(km),Adult(ticket),Youth(ticket),Child(ticket),Lifts and cable cars 
49-degrees-north-mountain-resort,North America,USA,Washington State,http://www.skiresort.info/ski-resort/49-degrees-north-mountain-resort/,1760,20,27,21,58,0,48,3
abenaki,North America,USA,New Hampshire,http://www.skiresort.info/ski-resort/abenaki/,250,0.5,0.3,0.2,0,0,0,
afton-alps,North America,USA,Minnesota,http://www.skiresort.info/ski-resort/afton-alps/,387,3,3,2,58,0,53,3
al-quaal,North America,USA,Michigan,http://www.skiresort.info/ski-resort/al-quaal/,451,0.2,0.2,0,0,0,0,
aldis-hill-park-st-albans,North America,USA,Vermont,http://www.skiresort.info/ski-resort/aldis-hill-park-st-albans/,150,0.2,0.2,0,0,0,0,
alpenglow-at-arctic-valley,North America,USA,Alaska,http://www.skiresort.info/ski-resort/alpenglow-at-arctic-valley/,1188,5,10,10,35,30,20,
alpental,North America,USA,Washington State,http://www.skiresort.info/ski-resort/alpental/,1670,0.5,2.3,6.8,79,55,15,3.5
alpine-meadows,North America,USA,Western United States,http://www.skiresort.info/ski-resort/alpine-meadows/,2632,25,40,35,159,134,98,4
alpine-mountain-ski-snow-tubing-center,North America,USA,Pennsylvania,http://www.skiresort.info/ski-resort/alpine-mountain-ski-snow-tubing-center/,351,2,4,2,55,0,45,3
alpine-valley-cleveland,North America,USA,Ohio,http://www.skiresort.info/ski-resort/alpine-valley-cleveland/,457,0.4,0.6,0.5,43,0,38,2.9
alpine-valley-resort-elkhorn,North America,USA,Wisconsin,http://www.skiresort.info/ski-resort/alpine-valley-resort-elkhorn/,415,1.5,1.5,1,48,0,43,3.5
alpine-valley-white-lake,North America,USA,Michigan,http://www.skiresort.info/ski-resort/alpine-valley-white-lake/,368,3,1,1,45,0,35,
alta,North America,USA,Utah,http://www.skiresort.info/ski-resort/alta/,3215,29,46.4,40.6,104,0,54,3.7
alta-sierra-shirley-meadows,North America,USA,California,http://www.skiresort.info/ski-resort/alta-sierra-shirley-meadows/,2160,1.3,0.2,0,35,0,25,
alyeska-resort-girdwood,North America,USA,Alaska,http://www.skiresort.info/ski-resort/alyeska-resort-girdwood/,840,14,31,17,85,68,39,3.5
american-dream-meadowlands-east-rutherford,North America,USA,New Jersey,http://www.skiresort.info/ski-resort/american-dream-meadowlands-east-rutherford/,136,0.3,0,0,0,0,0,1
andes-tower-hills,North America,USA,Minnesota,http://www.skiresort.info/ski-resort/andes-tower-hills/,494,2.2,1.6,0.2,42,0,30,
angel-fire,North America,USA,New Mexico,http://www.skiresort.info/ski-resort/angel-fire/,3256,40,28,7,73,63,53,3.9
antelope-butte,North America,USA,Wyoming,http://www.skiresort.info/ski-resort/antelope-butte/,2865,4,10,6,30,25,15,
anthony-lakes-mountain-resort,North America,USA,Oregon,http://www.skiresort.info/ski-resort/anthony-lakes-mountain-resort/,2438,2,3.8,4.2,35,29,21,2.9
apache,North America,USA,New Mexico,http://www.skiresort.info/ski-resort/apache/,3475,12,18,25,56,49,40,3.4
appalachian-ski-mountain,North America,USA,North Carolina,http://www.skiresort.info/ski-resort/appalachian-ski-mountain/,1219,2,2.5,0.5,61,0,42,
apple-mountain,North America,USA,Michigan,http://www.skiresort.info/ski-resort/apple-mountain/,244,0.8,0.8,0.4,35,0,0,
arapahoe-basin,North America,USA,Colorado,http://www.skiresort.info/ski-resort/arapahoe-basin/,3790,40,25,40,100,85,52,3
arizona-snowbowl,North America,USA,Arizona,http://www.skiresort.info/ski-resort/arizona-snowbowl/,3505,12,14,11,89,75,55,3.3
aspen-highlands,North America,USA,Colorado,http://www.skiresort.info/ski-resort/aspen-highlands/,3559,24.3,40.5,70.2,169,0,112,4
aspen-mountain,North America,USA,Colorado,http://www.skiresort.info/ski-resort/aspen-mountain/,3418,0,49,54,169,0,112,4
attitash-mountain-resort,North America,USA,New Hampshire,http://www.skiresort.info/ski-resort/attitash-mountain-resort/,716,7.4,17.4,12.2,85,0,64,3.3
ausblick-sussex,North America,USA,Wisconsin,http://www.skiresort.info/ski-resort/ausblick-sussex/,350,0.8,0.6,0,30,0,0,2.5
badger-mountain,North America,USA,Washington State,http://www.skiresort.info/ski-resort/badger-mountain/,1158,2,0.5,0,10,10,10,
badger-pass,North America,USA,California,http://www.skiresort.info/ski-resort/badger-pass/,2440,3.5,5,1.5,47,42,29.5,2.9
bald-mountain,North America,USA,Idaho,http://www.skiresort.info/ski-resort/bald-mountain/,1463,3,4,2,20,0,17,1.4
bald-mountain-sun-valley,North America,USA,Idaho,http://www.skiresort.info/ski-resort/bald-mountain-sun-valley/,2788,35,40,17,125,0,75,3.9
bear-creek-mountain-resort,North America,USA,Pennsylvania,http://www.skiresort.info/ski-resort/bear-creek-mountain-resort/,335,3,4,3,67,0,58,3
bear-mountain-big-bear-lake,North America,USA,California,http://www.skiresort.info/ski-resort/bear-mountain-big-bear-lake/,2684,8,11.2,8,89,73,36,3.4
bear-paw-ski-bowl,North America,USA,Montana,http://www.skiresort.info/ski-resort/bear-paw-ski-bowl/,1609,3,6,1,20,0,18,
bear-valley,North America,USA,California,http://www.skiresort.info/ski-resort/bear-valley/,2590,17,27,23,79,68,32,3.4
bearfire-resort-dallas-fort-worth-planned,North America,USA,Texas,http://www.skiresort.info/ski-resort/bearfire-resort-dallas-fort-worth-planned/,0,,,,0,0,0,
bears-den-mountain-fort-ransom,North America,USA,North Dakota,http://www.skiresort.info/ski-resort/bears-den-mountain-fort-ransom/,430,2,2,0,25,0,21,
beartooth-basin,North America,USA,Wyoming,http://www.skiresort.info/ski-resort/beartooth-basin/,3322,0,2,3,45,0,0,1.5
beartown,North America,USA,New York,http://www.skiresort.info/ski-resort/beartown/,304,0.5,0.3,0,22,0,20,1.5
beaver-creek,North America,USA,Colorado,http://www.skiresort.info/ski-resort/beaver-creek/,3488,28.5,64.5,57,189,0,130,4
beaver-mountain,North America,USA,Utah,http://www.skiresort.info/ski-resort/beaver-mountain/,2700,10,12,8,48,0,38,3
beech-mountain,North America,USA,North Carolina,http://www.skiresort.info/ski-resort/beech-mountain/,1678,3,7,4,65,0,45,3.3
beef-trail,North America,USA,Montana,http://www.skiresort.info/ski-resort/beef-trail/,0,,,,0,0,0,
belleayre-mountain,North America,USA,New York,http://www.skiresort.info/ski-resort/belleayre-mountain/,1045,5,11,4,68,58,46,3.6
berkshire-east,North America,USA,Massachusetts,http://www.skiresort.info/ski-resort/berkshire-east/,561,6,4,3,62,52,42,
big-bear-at-masthope-mountain,North America,USA,Pennsylvania,http://www.skiresort.info/ski-resort/big-bear-at-masthope-mountain/,450,3,2,2,59,0,45,3
big-boulder,North America,USA,Pennsylvania,http://www.skiresort.info/ski-resort/big-boulder/,663,3,1,0,58,0,45,
big-creek-ski-area,North America,USA,Ohio,http://www.skiresort.info/ski-resort/big-creek-ski-area/,320,1,0,0,0,0,0,
big-powderhorn-mountain,North America,USA,Michigan,http://www.skiresort.info/ski-resort/big-powderhorn-mountain/,540,3.5,3.5,3,65,54,44,
big-sky-resort,North America,USA,Montana,http://www.skiresort.info/ski-resort/big-sky-resort/,3398,55,69,126,135,115,86,3.6
big-squaw,North America,USA,Maine,http://www.skiresort.info/ski-resort/big-squaw/,933,3,3,2,30,0,25,
big-tupper-tupper-lake,North America,USA,New York,http://www.skiresort.info/ski-resort/big-tupper-tupper-lake/,1082,5,5,2,0,0,0,
bigrock-mountain,North America,USA,Maine,http://www.skiresort.info/ski-resort/bigrock-mountain/,498,2,14,4,38,27,17,3
bittersweet,North America,USA,Michigan,http://www.skiresort.info/ski-resort/bittersweet/,324,,,,44,0,36,
black-mountain-jackson,North America,USA,New Hampshire,http://www.skiresort.info/ski-resort/black-mountain-jackson/,570,6,4,2,55,42,38,
black-mountain-rumford,North America,USA,Maine,http://www.skiresort.info/ski-resort/black-mountain-rumford/,650,2,3.5,2.5,29,0,0,2.7
black-rapid,North America,USA,Alaska,http://www.skiresort.info/ski-resort/black-rapid/,0,,,,0,0,0,
blackhawk-ski-club-middleton,North America,USA,Wisconsin,http://www.skiresort.info/ski-resort/blackhawk-ski-club-middleton/,328,0.6,0.2,0,0,0,0,1
blackjack,North America,USA,Michigan,http://www.skiresort.info/ski-resort/blackjack/,510,2,4,4,65,0,52,
blacktail-mountain,North America,USA,Montana,http://www.skiresort.info/ski-resort/blacktail-mountain/,2066,3,11,3,40,28,19,
blandford,North America,USA,Massachusetts,http://www.skiresort.info/ski-resort/blandford/,440,2,2,1,44,0,39,
blue-hills,North America,USA,Massachusetts,http://www.skiresort.info/ski-resort/blue-hills/,180,1.5,1,0.5,45,0,0,
blue-knob,North America,USA,Pennsylvania,http://www.skiresort.info/ski-resort/blue-knob/,960,5,8,3,62,0,50,
blue-mountain,North America,USA,Pennsylvania,http://www.skiresort.info/ski-resort/blue-mountain/,470,10,6,2,85,0,70,
bluewood,North America,USA,Washington State,http://www.skiresort.info/ski-resort/bluewood/,1730,3,5,3,39,0,32,
bogus-basin,North America,USA,Idaho,http://www.skiresort.info/ski-resort/bogus-basin/,2311,11,22,17,59,49,25,3.7
bolton-valley,North America,USA,Vermont,http://www.skiresort.info/ski-resort/bolton-valley/,960,15,10,5,74,0,64,2
boreal,North America,USA,Western United States,http://www.skiresort.info/ski-resort/boreal/,2357,6,11,3,64,44,34,3.3
boston-mills,North America,USA,Ohio,http://www.skiresort.info/ski-resort/boston-mills/,270,0.5,0.5,0.5,43,0,38,
bottineau-winter-park,North America,USA,North Dakota,http://www.skiresort.info/ski-resort/bottineau-winter-park/,740,0.8,0.3,0.2,35,30,20,
bousquet,North America,USA,Massachusetts,http://www.skiresort.info/ski-resort/bousquet/,566,3,2,3,47,0,0,
boyce-park,North America,USA,Pennsylvania,http://www.skiresort.info/ski-resort/boyce-park/,380,1,0,0,22,16,8,
boyne-highlands,North America,USA,Michigan,http://www.skiresort.info/ski-resort/boyne-highlands/,408,4,3,3,89,79,69,3.2
boyne-mountain,North America,USA,Michigan,http://www.skiresort.info/ski-resort/boyne-mountain/,372,4.5,6,3.5,89,79,69,3.1
bradford,North America,USA,Massachusetts,http://www.skiresort.info/ski-resort/bradford/,80,1.5,1.5,1,52,0,0,
brandywine,North America,USA,Ohio,http://www.skiresort.info/ski-resort/brandywine/,270,1,0.7,0.3,43,0,38,
brantling-ski-slopes,North America,USA,New York,http://www.skiresort.info/ski-resort/brantling-ski-slopes/,210,0.7,0.3,0,32,0,29,
breckenridge,North America,USA,Colorado,http://www.skiresort.info/ski-resort/breckenridge/,3914,28,60,65,164,0,107,4
bretton-woods,North America,USA,New Hampshire,http://www.skiresort.info/ski-resort/bretton-woods/,945,25,16,15,89,68,53,3.8
brian-head,North America,USA,Utah,http://www.skiresort.info/ski-resort/brian-head/,3328,22,24,25,69,0,50,3.3
bridger-bowl-bozeman,North America,USA,Montana,http://www.skiresort.info/ski-resort/bridger-bowl-bozeman/,2682,20,26,25,60,0,22,3
brighton,North America,USA,Utah,http://www.skiresort.info/ski-resort/brighton/,3200,10,18,38,79,0,49,4.1
bristol-mountain,North America,USA,New York,http://www.skiresort.info/ski-resort/bristol-mountain/,670,6,10,4,72,0,57,3.6
bromley-mountain,North America,USA,Vermont,http://www.skiresort.info/ski-resort/bromley-mountain/,1001,15,18,12,79,69,56,
bruce-mound,North America,USA,Wisconsin,http://www.skiresort.info/ski-resort/bruce-mound/,400,1,0.5,0.5,31,28,13,
brundage-mountain,North America,USA,Idaho,http://www.skiresort.info/ski-resort/brundage-mountain/,2328,6,15,9,64,37,23,3.4
bryce-resort,North America,USA,Virginia,http://www.skiresort.info/ski-resort/bryce-resort/,533,2,2.8,0.2,65,0,58,3
buck-hill-ski-area,North America,USA,Minnesota,http://www.skiresort.info/ski-resort/buck-hill-ski-area/,371,1.2,0.8,0.2,44,0,32,2.7
buckhorn-ski-and-snowboard-club,North America,USA,California,http://www.skiresort.info/ski-resort/buckhorn-ski-and-snowboard-club/,2253,0.2,0.6,0.4,0,0,0,
buena-vista,North America,USA,Minnesota,http://www.skiresort.info/ski-resort/buena-vista/,470,0.4,0.8,0.5,40,0,30,
buffalo-ski-club,North America,USA,New York,http://www.skiresort.info/ski-resort/buffalo-ski-club/,512,5,4,2,55,0,44,
burke-mountain,North America,USA,Vermont,http://www.skiresort.info/ski-resort/burke-mountain/,975,2,4,4,64,55,47,3.7
buttermilk-mountain,North America,USA,Colorado,http://www.skiresort.info/ski-resort/buttermilk-mountain/,3018,11.9,13.3,8.8,169,0,112,4
butternut-basin,North America,USA,Massachusetts,http://www.skiresort.info/ski-resort/butternut-basin/,540,4.4,13.2,4.4,65,0,55,
caberfae-peaks,North America,USA,Michigan,http://www.skiresort.info/ski-resort/caberfae-peaks/,465,4,5,2,47,42,37,3
camden-snow-bowl,North America,USA,Maine,http://www.skiresort.info/ski-resort/camden-snow-bowl/,320,1.2,3.6,1.2,39,0,34,
camelback,North America,USA,Pennsylvania,http://www.skiresort.info/ski-resort/camelback/,623,20,11,3,67,0,49,3.3
camp-10,North America,USA,Wisconsin,http://www.skiresort.info/ski-resort/camp-10/,530,0.3,0.7,0.5,34,0,25,
campgaw,North America,USA,New Jersey,http://www.skiresort.info/ski-resort/campgaw/,290,1,0,0,45,0,0,
campton-mountain,North America,USA,New Hampshire,http://www.skiresort.info/ski-resort/campton-mountain/,435,0.6,0.5,0.2,15,0,0,2.8
canaan-valley,North America,USA,West Virginia,http://www.skiresort.info/ski-resort/canaan-valley/,1304,3,4,3,68,0,47,
cannon-mountain,North America,USA,New Hampshire,http://www.skiresort.info/ski-resort/cannon-mountain/,1243,15,25,10,75,62,53,3.2
cannonsburg-ski-area,North America,USA,Michigan,http://www.skiresort.info/ski-resort/cannonsburg-ski-area/,280,0.5,1,0.5,37,0,27,
carson-ski-resort,North America,USA,California,http://www.skiresort.info/ski-resort/carson-ski-resort/,0,,,,0,0,0,
cascade-mountain,North America,USA,Wisconsin,http://www.skiresort.info/ski-resort/cascade-mountain/,378,5,5,4,0,0,0,
cascade-powder-guides,North America,USA,Washington State,http://www.skiresort.info/ski-resort/cascade-powder-guides/,1705,,,,465,0,465,
cataldo-peak-adventures,North America,USA,Idaho,http://www.skiresort.info/ski-resort/cataldo-peak-adventures/,0,,,,325,0,0,
cataloochee,North America,USA,North Carolina,http://www.skiresort.info/ski-resort/cataloochee/,1583,1.5,3,1.5,65,0,47,3
catamount,North America,USA,Massachusetts,http://www.skiresort.info/ski-resort/catamount/,580,8,4,3,66,0,56,3
cazenovia,North America,USA,New York,http://www.skiresort.info/ski-resort/cazenovia/,440,0.6,0.7,1,0,0,0,1.4
challenge-mountain-walloon-lake,North America,USA,Michigan,http://www.skiresort.info/ski-resort/challenge-mountain-walloon-lake/,325,0.9,0.3,0,0,0,0,
cherry-peak,North America,USA,Utah,http://www.skiresort.info/ski-resort/cherry-peak/,2635,5,10,5,42,0,32,3
chester-bowl-park,North America,USA,Minnesota,http://www.skiresort.info/ski-resort/chester-bowl-park/,380,0.6,0,0,10,0,0,3
chestnut-mountain,North America,USA,Illinois,http://www.skiresort.info/ski-resort/chestnut-mountain/,335,2,3,1,52,0,40,
china-peak,North America,USA,California,http://www.skiresort.info/ski-resort/china-peak/,2654,20,17,13,79,54,34,
christie-mountain,North America,USA,Wisconsin,http://www.skiresort.info/ski-resort/christie-mountain/,510,2.8,1.5,0.7,37,0,32,
christmas-mountain,North America,USA,Wisconsin,http://www.skiresort.info/ski-resort/christmas-mountain/,370,1.3,0.5,0.2,45,0,31,2.8
clear-fork,North America,USA,Ohio,http://www.skiresort.info/ski-resort/clear-fork/,420,,,,0,0,0,
cloudcroft,North America,USA,New Mexico,http://www.skiresort.info/ski-resort/cloudcroft/,2773,4,2,4,45,0,35,
cloudmont-ski-resort,North America,USA,Alabama,http://www.skiresort.info/ski-resort/cloudmont-ski-resort/,548,0.6,0,0,30,0,25,
cochran-ski-area,North America,USA,Vermont,http://www.skiresort.info/ski-resort/cochran-ski-area/,280,0.6,0.5,0.1,25,0,20,
cockaigne-ski-area,North America,USA,New York,http://www.skiresort.info/ski-resort/cockaigne-ski-area/,619,,,,38,0,31,
coffee-mill-ski-area,North America,USA,Minnesota,http://www.skiresort.info/ski-resort/coffee-mill-ski-area/,360,1,0.6,0.4,32,0,26,
cooper,North America,USA,Colorado,http://www.skiresort.info/ski-resort/cooper/,3566,8,10,8,52,0,32,2.5
cooper-spur,North America,USA,Oregon,http://www.skiresort.info/ski-resort/cooper-spur/,1325,4,4,2,32,0,28,3
copper-mountain,North America,USA,Colorado,http://www.skiresort.info/ski-resort/copper-mountain/,3767,30,40,56,150,0,85,3.7
coppervale,North America,USA,California,http://www.skiresort.info/ski-resort/coppervale/,1825,1,2,0,0,0,0,1.5
cottonwood-butte,North America,USA,Idaho,http://www.skiresort.info/ski-resort/cottonwood-butte/,1707,,,,20,0,0,
cranmore-mountain-resort,North America,USA,New Hampshire,http://www.skiresort.info/ski-resort/cranmore-mountain-resort/,609,16,19,8,72,59,45,3.4
crescent-hills,North America,USA,Iowa,http://www.skiresort.info/ski-resort/crescent-hills/,457,0.8,0.8,0.4,39,0,35,
crested-butte,North America,USA,Colorado,http://www.skiresort.info/ski-resort/crested-butte/,3707,27,69,25,115,104,63,3.7
crotched-mountain,North America,USA,New Hampshire,http://www.skiresort.info/ski-resort/crotched-mountain/,630,2.5,4,1.5,64,0,54,3.4
crystal-mountain-mi,North America,USA,Michigan,http://www.skiresort.info/ski-resort/crystal-mountain-mi/,359,1.2,2.3,1.4,72,0,62,3.3
crystal-mountain-wa,North America,USA,Washington State,http://www.skiresort.info/ski-resort/crystal-mountain-wa/,2137,8,27,15,80,0,56,3.8
dartmouth-skiway,North America,USA,New Hampshire,http://www.skiresort.info/ski-resort/dartmouth-skiway/,592,4,8,4,48,38,33,
deer-mountain,North America,USA,South Dakota,http://www.skiresort.info/ski-resort/deer-mountain/,2028,10,7,5,45,0,36,2.9
deer-valley,North America,USA,Utah,http://www.skiresort.info/ski-resort/deer-valley/,2917,27,41,32,135,135,84,4
denton-hill-state-park,North America,USA,Pennsylvania,http://www.skiresort.info/ski-resort/denton-hill-state-park/,750,4,2,2,0,0,0,
detroit-mountain,North America,USA,Minnesota,http://www.skiresort.info/ski-resort/detroit-mountain/,490,1,1,0,40,0,32,3
devils-head,North America,USA,Wisconsin,http://www.skiresort.info/ski-resort/devils-head/,303,3,3.5,3.5,55,0,48,
diamond-peak,North America,USA,Western United States,http://www.skiresort.info/ski-resort/diamond-peak/,2602,6,14,10,79,64,39,3.4
diamond-peaks,North America,USA,Utah,http://www.skiresort.info/ski-resort/diamond-peaks/,0,,,,0,0,0,
discovery-ski-area,North America,USA,Montana,http://www.skiresort.info/ski-resort/discovery-ski-area/,2484,12,12,21,46,0,24,3
dodge-ridge,North America,USA,California,http://www.skiresort.info/ski-resort/dodge-ridge/,2499,10,20,20,72,59,24,
dollar-mountain-sun-valley,North America,USA,Idaho,http://www.skiresort.info/ski-resort/dollar-mountain-sun-valley/,2023,7,2,0,120,0,58,3.7
donner-ski-area,North America,USA,Western United States,http://www.skiresort.info/ski-resort/donner-ski-area/,2240,6,8,0,59,47,25,3
donner-ski-ranch,North America,USA,Western United States,http://www.skiresort.info/ski-resort/donner-ski-ranch/,2371,13,26,13,69,59,29,3
dry-hill,North America,USA,New York,http://www.skiresort.info/ski-resort/dry-hill/,293,0.7,1.2,0.5,40,0,35,
dynamite-hill-chestertown,North America,USA,New York,http://www.skiresort.info/ski-resort/dynamite-hill-chestertown/,281,0.2,0,0,0,0,0,1
eagle-island-park,North America,USA,Idaho,http://www.skiresort.info/ski-resort/eagle-island-park/,781,0.1,0,0,20,0,20,1
eagle-point,North America,USA,Utah,http://www.skiresort.info/ski-resort/eagle-point/,3230,6,9,5,65,0,50,3
eagle-rock,North America,USA,Pennsylvania,http://www.skiresort.info/ski-resort/eagle-rock/,550,,,,42,0,28,
eaglecrest-juneau,North America,USA,Alaska,http://www.skiresort.info/ski-resort/eaglecrest-juneau/,820,3.4,6.8,6.8,52,42,28,3
eaton-mountain,North America,USA,Maine,http://www.skiresort.info/ski-resort/eaton-mountain/,140,1.5,0.5,0,15,0,0,
echo-mountain-park-idaho-springs,North America,USA,Colorado,http://www.skiresort.info/ski-resort/echo-mountain-park-idaho-springs/,3401,2,1,0,49,0,39,2.9
echo-valley-lake-chelan,North America,USA,Washington State,http://www.skiresort.info/ski-resort/echo-valley-lake-chelan/,950,1,0.4,0.1,25,0,0,
eldora-mountain,North America,USA,Colorado,http://www.skiresort.info/ski-resort/eldora-mountain/,3292,11,26,15,94,0,54,3.2
elk-mountain,North America,USA,Pennsylvania,http://www.skiresort.info/ski-resort/elk-mountain/,820,3,8,4,66,0,50,
elk-ridge-williams,North America,USA,Arizona,http://www.skiresort.info/ski-resort/elk-ridge-williams/,2452,0.6,1.5,0.9,40,0,25,
elko-snobowl,North America,USA,Nevada,http://www.skiresort.info/ski-resort/elko-snobowl/,2130,1.5,1.5,0,20,0,15,2.9
fairmont-hot-springs-fairmont,North America,USA,Montana,http://www.skiresort.info/ski-resort/fairmont-hot-springs-fairmont/,0,,,,0,0,0,
ferguson-ridge,North America,USA,Oregon,http://www.skiresort.info/ski-resort/ferguson-ridge/,1780,2,2,1,20,0,10,
fort-wainwrightbirch-hill-fairbanks,North America,USA,Alaska,http://www.skiresort.info/ski-resort/fort-wainwrightbirch-hill-fairbanks/,300,1.5,0.3,0,0,0,0,
four-lakes,North America,USA,Illinois,http://www.skiresort.info/ski-resort/four-lakes/,220,1,0,0,28,0,0,
four-seasons,North America,USA,New York,http://www.skiresort.info/ski-resort/four-seasons/,185,0.4,0.1,0,24,0,18,
fox-hill,North America,USA,Wisconsin,http://www.skiresort.info/ski-resort/fox-hill/,385,0.5,0.3,0.2,0,0,0,
frost-fire-mountain,North America,USA,North Dakota,http://www.skiresort.info/ski-resort/frost-fire-mountain/,440,0.7,0.6,0.2,40,0,30,
giants-ridge,North America,USA,Minnesota,http://www.skiresort.info/ski-resort/giants-ridge/,560,4,5,3,54,0,38,3.3
gladstone-sports-park,North America,USA,Michigan,http://www.skiresort.info/ski-resort/gladstone-sports-park/,220,0.4,0.1,0,12,0,5,
gore-mountain,North America,USA,New York,http://www.skiresort.info/ski-resort/gore-mountain/,1097,6.7,28.2,23.3,83,65,46,3.6
granby-ranch,North America,USA,Colorado,http://www.skiresort.info/ski-resort/granby-ranch/,2804,6,10,4,74,0,44,3.5
grand-geneva,North America,USA,Wisconsin,http://www.skiresort.info/ski-resort/grand-geneva/,304,1.2,0.4,0.2,53,0,41,
grand-targhee,North America,USA,Wyoming,http://www.skiresort.info/ski-resort/grand-targhee/,3048,5,15,15,90,0,42,3.8
granite-gorge,North America,USA,New Hampshire,http://www.skiresort.info/ski-resort/granite-gorge/,404,3,2,1,49,0,42,2.9
granite-peak-at-rib-mountain-state-park,North America,USA,Wisconsin,http://www.skiresort.info/ski-resort/granite-peak-at-rib-mountain-state-park/,594,10,5,5,80,0,60,3.4
granlibakken,North America,USA,Western United States,http://www.skiresort.info/ski-resort/granlibakken/,2015,1,1,0,35,0,25,1.4
great-bear-ski-area,North America,USA,South Dakota,http://www.skiresort.info/ski-resort/great-bear-ski-area/,470,1.5,2,1,26,0,0,
great-divide,North America,USA,Montana,http://www.skiresort.info/ski-resort/great-divide/,2210,10,20,20,40,30,20,3
greek-peak,North America,USA,New York,http://www.skiresort.info/ski-resort/greek-peak/,640,9,4,6,68,0,55,
gunstock,North America,USA,New Hampshire,http://www.skiresort.info/ski-resort/gunstock/,690,5,25,10,86,74,62,
h2o-guides,North America,USA,Alaska,http://www.skiresort.info/ski-resort/h2o-guides/,0,,,,0,0,0,
hanson-hills,North America,USA,Michigan,http://www.skiresort.info/ski-resort/hanson-hills/,390,0.8,0.2,0,30,0,0,
haystack-mountain-the-hermitage-club,North America,USA,Vermont,http://www.skiresort.info/ski-resort/haystack-mountain-the-hermitage-club/,975,5.6,9.5,4.2,0,0,0,3.7
heavenly,North America,USA,Western United States,http://www.skiresort.info/ski-resort/heavenly/,3060,18,42,34,152,125,90,4
heiliger-huegel-hubertus,North America,USA,Wisconsin,http://www.skiresort.info/ski-resort/heiliger-huegel-hubertus/,391,0.6,0.4,0.2,25,0,0,2.7
hermon-mountain,North America,USA,Maine,http://www.skiresort.info/ski-resort/hermon-mountain/,140,2,0.5,0.5,27,0,22,2.3
hesperus-ski-area,North America,USA,Colorado,http://www.skiresort.info/ski-resort/hesperus-ski-area/,2706,3,5,2,39,33,28,2.8
hickory-ski-center,North America,USA,New York,http://www.skiresort.info/ski-resort/hickory-ski-center/,583,3,3,2,45,0,30,
hidden-valley-mo,North America,USA,Missouri,http://www.skiresort.info/ski-resort/hidden-valley-mo/,240,1,2,1,48,0,30,2.9
hidden-valley-pa,North America,USA,Pennsylvania,http://www.skiresort.info/ski-resort/hidden-valley-pa/,890,4,3,2,69,0,58,
hillberg-ski-area,North America,USA,Alaska,http://www.skiresort.info/ski-resort/hillberg-ski-area/,120,0.9,0.3,0,20,0,0,
hilltop-anchorage,North America,USA,Alaska,http://www.skiresort.info/ski-resort/hilltop-anchorage/,140,4,1,0,32,30,20,2.8
hogadon-ski-area,North America,USA,Wyoming,http://www.skiresort.info/ski-resort/hogadon-ski-area/,2438,1.9,1.6,1.5,42,37,27,
holiday-mountain-ny,North America,USA,New York,http://www.skiresort.info/ski-resort/holiday-mountain-ny/,440,1,2,1,42,0,0,
holiday-valley,North America,USA,New York,http://www.skiresort.info/ski-resort/holiday-valley/,685,16,13,19,75,0,59,3.5
holimont,North America,USA,New York,http://www.skiresort.info/ski-resort/holimont/,689,4,6,10,70,0,55,3.2
homewood-mountain-resort,North America,USA,Western United States,http://www.skiresort.info/ski-resort/homewood-mountain-resort/,2402,6,13,1,0,0,0,3.3
hoodoo-ski-area,North America,USA,Oregon,http://www.skiresort.info/ski-resort/hoodoo-ski-area/,1740,6,8,3,54,0,34,3
howelsen-hill-steamboat-springs,North America,USA,Colorado,http://www.skiresort.info/ski-resort/howelsen-hill-steamboat-springs/,2175,1.7,1.5,0.8,25,0,15,2.5
huff-hills,North America,USA,North Dakota,http://www.skiresort.info/ski-resort/huff-hills/,680,1.8,0.8,0.4,30,0,25,
hunt-hollow-ski-club,North America,USA,New York,http://www.skiresort.info/ski-resort/hunt-hollow-ski-club/,360,2,2,1,55,0,45,2.9
hunter-mountain,North America,USA,New York,http://www.skiresort.info/ski-resort/hunter-mountain/,975,18,18,19,80,0,64,3.4
huntington,North America,USA,New York,http://www.skiresort.info/ski-resort/huntington/,0,,,,0,0,0,
hurricane-ridge,North America,USA,Washington State,http://www.skiresort.info/ski-resort/hurricane-ridge/,1676,2,2,1,34,0,0,
hyland-ski-snowboard-area,North America,USA,Minnesota,http://www.skiresort.info/ski-resort/hyland-ski-snowboard-area/,310,0.6,0.4,0.2,34.49,0,30.76,3
indian-lake,North America,USA,New York,http://www.skiresort.info/ski-resort/indian-lake/,599,0.6,0.3,0,0,0,0,1.5
indianhead-mountain,North America,USA,Michigan,http://www.skiresort.info/ski-resort/indianhead-mountain/,554,2,3,5,65,0,52,
jack-frost-mountain,North America,USA,Pennsylvania,http://www.skiresort.info/ski-resort/jack-frost-mountain/,610,6,5.5,0.5,58,0,45,
jackson-hole,North America,USA,Wyoming,http://www.skiresort.info/ski-resort/jackson-hole/,3185,16,50,50,149,0,91,3.6
jay-peak,North America,USA,Vermont,http://www.skiresort.info/ski-resort/jay-peak/,1175,15,31,30,82,0,64,3.2
jerrys-heliski-alaska,North America,USA,Alaska,http://www.skiresort.info/ski-resort/jerrys-heliski-alaska/,0,,,,0,0,0,
jiminy-peak,North America,USA,Massachusetts,http://www.skiresort.info/ski-resort/jiminy-peak/,725,4.1,2,3,81,70,61,
june-mountain,North America,USA,California,http://www.skiresort.info/ski-resort/june-mountain/,3075,2.1,12.9,20.7,109,89,0,3.6
kelly-canyon,North America,USA,Idaho,http://www.skiresort.info/ski-resort/kelly-canyon/,2030,4,5,3,40,0,32,3
kendall-mountain-silverton,North America,USA,Colorado,http://www.skiresort.info/ski-resort/kendall-mountain-silverton/,3000,1,0.5,0.2,20,0,15,3
kettlebowl,North America,USA,Wisconsin,http://www.skiresort.info/ski-resort/kettlebowl/,542,0.3,1.1,0,5,3,2,1
keyes-peak-florence,North America,USA,Wisconsin,http://www.skiresort.info/ski-resort/keyes-peak-florence/,450,0.5,0,0,12,0,8,
keystone,North America,USA,Colorado,http://www.skiresort.info/ski-resort/keystone/,3651,25,65,45,159,0,92,4
killington,North America,USA,Vermont,http://www.skiresort.info/ski-resort/killington/,1285,37.4,43,46,115,0,89,3.7
king-pine-purity-spring-resort,North America,USA,New Hampshire,http://www.skiresort.info/ski-resort/king-pine-purity-spring-resort/,240,2.8,1.5,1,55,0,38,2.9
kirkwood,North America,USA,Western United States,http://www.skiresort.info/ski-resort/kirkwood/,2987,15,30,20,119,107,87,3.2
kissing-bridge,North America,USA,New York,http://www.skiresort.info/ski-resort/kissing-bridge/,520,4.5,4.8,8.5,60,0,50,3
labrador-mountain,North America,USA,New York,http://www.skiresort.info/ski-resort/labrador-mountain/,570,6,6,5,53,0,43,2.9
lake-city-ski-hill,North America,USA,Colorado,http://www.skiresort.info/ski-resort/lake-city-ski-hill/,2771,0.7,0.3,0,15,0,7,1.5
las-vegas-ski-and-snowboard-resort-lee-canyon,North America,USA,Nevada,http://www.skiresort.info/ski-resort/las-vegas-ski-and-snowboard-resort-lee-canyon/,2856,0.3,5,2,70,0,60,2.8
las-vegas-wet-planned,North America,USA,Nevada,http://www.skiresort.info/ski-resort/las-vegas-wet-planned/,0,,,,0,0,0,
laurel-mountain,North America,USA,Pennsylvania,http://www.skiresort.info/ski-resort/laurel-mountain/,837,4,3,1,53,0,43,2.9
leavenworth-ski-hill,North America,USA,Washington State,http://www.skiresort.info/ski-resort/leavenworth-ski-hill/,520,1,0,0,18,0,14,1
liberty-mountain,North America,USA,Pennsylvania,http://www.skiresort.info/ski-resort/liberty-mountain/,355,3,4,2,76,0,64,3
little-ski-hill,North America,USA,Idaho,http://www.skiresort.info/ski-resort/little-ski-hill/,1700,1.4,0,0,15,0,12,
little-switzerland-ski-resort,North America,USA,Wisconsin,http://www.skiresort.info/ski-resort/little-switzerland-ski-resort/,380,1.1,1.3,0.6,44,0,32,2.6
living-memorial-park-brattleboro,North America,USA,Vermont,http://www.skiresort.info/ski-resort/living-memorial-park-brattleboro/,189,0.5,0,0,5,0,0,1.5
lonesome-pine-trails-fort-kent,North America,USA,Maine,http://www.skiresort.info/ski-resort/lonesome-pine-trails-fort-kent/,299,1,1.6,2,20,0,17,1.4
lookout-pass,North America,USA,Idaho,http://www.skiresort.info/ski-resort/lookout-pass/,1675,8,14,9,44,0,32,3
loon-mountain,North America,USA,New Hampshire,http://www.skiresort.info/ski-resort/loon-mountain/,930,13,26,6,95,83,71,3.8
lost-trail-powder-mountain,North America,USA,Montana,http://www.skiresort.info/ski-resort/lost-trail-powder-mountain/,2550,15,25,10,42,0,32,3
lost-valley,North America,USA,Maine,http://www.skiresort.info/ski-resort/lost-valley/,166,1,0.5,0.5,45,0,40,3
loup-loup-ski-bowl,North America,USA,Washington State,http://www.skiresort.info/ski-resort/loup-loup-ski-bowl/,1620,3,5,3,48,37,27,2.8
loveland,North America,USA,Colorado,http://www.skiresort.info/ski-resort/loveland/,3871,12,38,43,75,0,32,3
lutsen-mountains,North America,USA,Minnesota,http://www.skiresort.info/ski-resort/lutsen-mountains/,503,8,19,13,82,0,67,3.6
lyndon-outing-club,North America,USA,Vermont,http://www.skiresort.info/ski-resort/lyndon-outing-club/,380,1.5,1,0.1,15,0,10,1.4
lynx-creek,North America,USA,New Hampshire,http://www.skiresort.info/ski-resort/lynx-creek/,0,,,,0,0,0,
mad-river-glen,North America,USA,Vermont,http://www.skiresort.info/ski-resort/mad-river-glen/,1108,14,17,15,82,0,68,3
mad-river-mountain,North America,USA,Ohio,http://www.skiresort.info/ski-resort/mad-river-mountain/,445,3,2,1.3,45,0,35,2.9
magic-mountain,North America,USA,Vermont,http://www.skiresort.info/ski-resort/magic-mountain/,868,7,7,9,67,59,48,3
magic-mountain-resort,North America,USA,Idaho,http://www.skiresort.info/ski-resort/magic-mountain-resort/,2207,3.5,3,4,31,0,22,
mammoth-mountain,North America,USA,California,http://www.skiresort.info/ski-resort/mammoth-mountain/,3369,18.4,48.5,22.9,159,130,64,4
maple-ski-ridge,North America,USA,New York,http://www.skiresort.info/ski-resort/maple-ski-ridge/,250,0.3,0.8,0.3,0,0,0,
marquette-mountain,North America,USA,Michigan,http://www.skiresort.info/ski-resort/marquette-mountain/,390,1.5,5,3.5,46,0,41,3
massanutten,North America,USA,Virginia,http://www.skiresort.info/ski-resort/massanutten/,871,2,3.5,2.5,70,0,60,2.9
maverick-mountain,North America,USA,Montana,http://www.skiresort.info/ski-resort/maverick-mountain/,2596,6,8,6,36,0,22,3
mccauly-mountain,North America,USA,New York,http://www.skiresort.info/ski-resort/mccauly-mountain/,700,3,4,2,30,0,25,2.4
mcintyre,North America,USA,New Hampshire,http://www.skiresort.info/ski-resort/mcintyre/,155,2.5,0.5,0,36,0,32,3
meadowlark-ski-lodge,North America,USA,Wyoming,http://www.skiresort.info/ski-resort/meadowlark-ski-lodge/,2828,3,4,3,45,38,27,3
meany-lodge,North America,USA,Washington State,http://www.skiresort.info/ski-resort/meany-lodge/,1027,1,1,0,0,0,0,
middlebury-college-snow-bowl,North America,USA,Vermont,http://www.skiresort.info/ski-resort/middlebury-college-snow-bowl/,810,5,4,6,55,45,15,3
missaukee-mountain,North America,USA,Michigan,http://www.skiresort.info/ski-resort/missaukee-mountain/,0,,,,0,0,0,
mohawk-mountain,North America,USA,Connecticut,http://www.skiresort.info/ski-resort/mohawk-mountain/,454,3,2,3,60,0,52,3
monarch,North America,USA,Colorado,http://www.skiresort.info/ski-resort/monarch/,3630,5,14,12,74,45,30,3
mont-du-lac,North America,USA,Wisconsin,http://www.skiresort.info/ski-resort/mont-du-lac/,280,0.5,1.4,2,39.99,0,24.99,
mont-ripley,North America,USA,Michigan,http://www.skiresort.info/ski-resort/mont-ripley/,330,2,2.2,2.7,45,0,40,2.7
montage-mountain-resort,North America,USA,Pennsylvania,http://www.skiresort.info/ski-resort/montage-mountain-resort/,594,2,4,3.5,62,0,49,3
montana-snowbowl,North America,USA,Montana,http://www.skiresort.info/ski-resort/montana-snowbowl/,2316,5,12,14,47,44,20,2.9
moose-mountain,North America,USA,Alaska,http://www.skiresort.info/ski-resort/moose-mountain/,595,3,12,10,39,34,29,1
mott-mountain,North America,USA,Michigan,http://www.skiresort.info/ski-resort/mott-mountain/,0,,,,0,0,0,
mount-greylock-south-williamstown,North America,USA,Massachusetts,http://www.skiresort.info/ski-resort/mount-greylock-south-williamstown/,481,1.2,3,0.6,0,0,0,1
mount-pleasant,North America,USA,Pennsylvania,http://www.skiresort.info/ski-resort/mount-pleasant/,450,2,2,1,38,0,33,2.8
mount-prospect-lancaster,North America,USA,New Hampshire,http://www.skiresort.info/ski-resort/mount-prospect-lancaster/,520,0.5,0.3,0,7,0,5,1
mount-ski-gull,North America,USA,Minnesota,http://www.skiresort.info/ski-resort/mount-ski-gull/,443,0.7,0.7,0.7,31,0,24,2.5
mount-snow,North America,USA,Vermont,http://www.skiresort.info/ski-resort/mount-snow/,1095,6,46,8,95,0,75,3.7
mountain-creek-vernon,North America,USA,New Jersey,http://www.skiresort.info/ski-resort/mountain-creek-vernon/,451,4,14,6,69,0,53.99,3.4
mountain-high-east,North America,USA,California,http://www.skiresort.info/ski-resort/mountain-high-east/,2496,2,5,4,74,0,35,3.9
mountain-high-north,North America,USA,California,http://www.skiresort.info/ski-resort/mountain-high-north/,2287,2,3,0,74,0,35,3
mountain-high-west,North America,USA,California,http://www.skiresort.info/ski-resort/mountain-high-west/,2410,3,5,7,74,0,35,3.4
mt-abram,North America,USA,Maine,http://www.skiresort.info/ski-resort/mt-abram/,610,3.5,7,4,59,0,49,
mt-ashland,North America,USA,Oregon,http://www.skiresort.info/ski-resort/mt-ashland/,2286,1,7,5,46,0,36,3
mt-ashwabay-salmo,North America,USA,Wisconsin,http://www.skiresort.info/ski-resort/mt-ashwabay-salmo/,389,1.5,1.2,1.3,24,0,18,2.7
mt-bachelor,North America,USA,Oregon,http://www.skiresort.info/ski-resort/mt-bachelor/,2763,15,25,60,96,78,54,4
mt-bailey,North America,USA,Oregon,http://www.skiresort.info/ski-resort/mt-bailey/,0,,,,350,0,0,
mt-baker,North America,USA,Washington State,http://www.skiresort.info/ski-resort/mt-baker/,1525,24,45,31,62,40,30,3
mt-baldy,North America,USA,California,http://www.skiresort.info/ski-resort/mt-baldy/,2620,3,6,11,69,49,39,3
mt-bohemia,North America,USA,Michigan,http://www.skiresort.info/ski-resort/mt-bohemia/,445,0,3,10,59,0,0,3
mt-brighton,North America,USA,Michigan,http://www.skiresort.info/ski-resort/mt-brighton/,340,1,3.5,1.7,63,0,0,2.7
mt-eustis-littleton,North America,USA,New Hampshire,http://www.skiresort.info/ski-resort/mt-eustis-littleton/,0,,,,0,0,0,
mt-eyak,North America,USA,Alaska,http://www.skiresort.info/ski-resort/mt-eyak/,366,1,2,2,30,0,20,3
mt-holiday,North America,USA,Michigan,http://www.skiresort.info/ski-resort/mt-holiday/,274,1,2,1.5,32,0,26,2.6
mt-holly,North America,USA,Michigan,http://www.skiresort.info/ski-resort/mt-holly/,380,1,2.5,3.5,43,0,0,
mt-hood-meadows,North America,USA,Oregon,http://www.skiresort.info/ski-resort/mt-hood-meadows/,2225,13.5,45,31.5,82,0,49,3.9
mt-hood-skibowl,North America,USA,Oregon,http://www.skiresort.info/ski-resort/mt-hood-skibowl/,1510,15,15,35,53,0,32,2.9
mt-jefferson,North America,USA,Maine,http://www.skiresort.info/ski-resort/mt-jefferson/,230,3,4,2.5,20,0,15,1.4
mt-kato,North America,USA,Minnesota,http://www.skiresort.info/ski-resort/mt-kato/,313,2.5,4.5,5,41,0,33,2.9
mt-la-crosse,North America,USA,Wisconsin,http://www.skiresort.info/ski-resort/mt-la-crosse/,372,1.5,3,2.5,51,0,48,2.9
mt-lemmon-ski-valley,North America,USA,Arizona,http://www.skiresort.info/ski-resort/mt-lemmon-ski-valley/,2750,2.5,4,2,40,0,20,3
mt-mc-sauba,North America,USA,Michigan,http://www.skiresort.info/ski-resort/mt-mc-sauba/,0,,,,0,0,0,
mt-peter,North America,USA,New York,http://www.skiresort.info/ski-resort/mt-peter/,330,1,2,0.8,49,0,42,2.9
mt-pisgah,North America,USA,New York,http://www.skiresort.info/ski-resort/mt-pisgah/,627,1,0,0,20,0,0,1.5
mt-rose,North America,USA,Western United States,http://www.skiresort.info/ski-resort/mt-rose/,2957,20,30,50,125,0,75,3.5
mt-shasta-ski-park,North America,USA,California,http://www.skiresort.info/ski-resort/mt-shasta-ski-park/,2100,5,8,10,58,0,32,3
mt-southington,North America,USA,Connecticut,http://www.skiresort.info/ski-resort/mt-southington/,173,2,3,0.8,58,0,48,3
mt-spokane,North America,USA,Washington State,http://www.skiresort.info/ski-resort/mt-spokane/,1795,7,5,14,55,0,45,3
mt-sunapee,North America,USA,New Hampshire,http://www.skiresort.info/ski-resort/mt-sunapee/,828,8,16,6,84,67,57,3.6
mt-waterman,North America,USA,California,http://www.skiresort.info/ski-resort/mt-waterman/,2440,2,2,6,50,40,20,3
mt-zion-hill,North America,USA,Michigan,http://www.skiresort.info/ski-resort/mt-zion-hill/,0,,,,0,0,0,
mulligans-hollow-ski-bowl,North America,USA,Michigan,http://www.skiresort.info/ski-resort/mulligans-hollow-ski-bowl/,233,1,1,1,16,0,0,
mystic-mountain-farmington,North America,USA,Pennsylvania,http://www.skiresort.info/ski-resort/mystic-mountain-farmington/,619,2.3,1,0.6,43,0,35,2.9
nashoba-valley,North America,USA,Massachusetts,http://www.skiresort.info/ski-resort/nashoba-valley/,128,1,3,1.8,55,0,0,2.9
navarino-hills,North America,USA,Wisconsin,http://www.skiresort.info/ski-resort/navarino-hills/,270,0.5,0.3,0,27,0,10,2.4
nor-ski-runs-decorah,North America,USA,Iowa,http://www.skiresort.info/ski-resort/nor-ski-runs-decorah/,0,,,,0,0,0,
nordic-mountain,North America,USA,Wisconsin,http://www.skiresort.info/ski-resort/nordic-mountain/,346,2,3,1.5,44,0,30,2.6
nordic-valley,North America,USA,Utah,http://www.skiresort.info/ski-resort/nordic-valley/,1930,2.5,4,3,45,0,35,3
north-bicentennial-park,North America,USA,Alaska,http://www.skiresort.info/ski-resort/north-bicentennial-park/,0,,,,0,0,0,
north-cascade-heliskiing-mazama,North America,USA,Washington State,http://www.skiresort.info/ski-resort/north-cascade-heliskiing-mazama/,2700,,,,0,0,0,1
northeast-slopes-east-corinth,North America,USA,Vermont,http://www.skiresort.info/ski-resort/northeast-slopes-east-corinth/,355,1.2,1,0,15,0,0,1.2
northstar-california-resort,North America,USA,Western United States,http://www.skiresort.info/ski-resort/northstar-california-resort/,2624,25,45,27,152,125,90,4.1
norway-mountain,North America,USA,Michigan,http://www.skiresort.info/ski-resort/norway-mountain/,406,2.5,3.5,2,45,37,25,2.8
nubs-nob-ski-area,North America,USA,Michigan,http://www.skiresort.info/ski-resort/nubs-nob-ski-area/,403,6.2,9,3.7,80,68,57,3
nutt-hill-plymouth,North America,USA,Wisconsin,http://www.skiresort.info/ski-resort/nutt-hill-plymouth/,309,0.2,0,0,0,0,0,1
oak-mountain,North America,USA,New York,http://www.skiresort.info/ski-resort/oak-mountain/,740,6,4,2,38,0,27,2.8
ober-gatlinburg,North America,USA,Tennessee,http://www.skiresort.info/ski-resort/ober-gatlinburg/,1006,0.5,2,0.5,65,0,55,
oglebay-resort,North America,USA,West Virginia,http://www.skiresort.info/ski-resort/oglebay-resort/,0,1,0,0,26,0,21,3
okemo,North America,USA,Vermont,http://www.skiresort.info/ski-resort/okemo/,1019,22,26,22,110,97,84,3.7
otis-ridge,North America,USA,Massachusetts,http://www.skiresort.info/ski-resort/otis-ridge/,480,1.2,1.5,1,40,35,15,2.5
otsego-gaylord,North America,USA,Michigan,http://www.skiresort.info/ski-resort/otsego-gaylord/,422,3,2,2,65,55,50,3
pajarito-mountain,North America,USA,New Mexico,http://www.skiresort.info/ski-resort/pajarito-mountain/,3190,8,12,6,49,42,34,
pando-park,North America,USA,Michigan,http://www.skiresort.info/ski-resort/pando-park/,300,1,0.3,0,22,0,19,
paoli-peaks,North America,USA,Indiana,http://www.skiresort.info/ski-resort/paoli-peaks/,251,2.6,3,1,42,0,36,3
park-city,North America,USA,Utah,http://www.skiresort.info/ski-resort/park-city/,3049,27,152,71,145,0,93,3.9
pats-peak,North America,USA,New Hampshire,http://www.skiresort.info/ski-resort/pats-peak/,426,10,8,15,66,0,56,2.9
paul-bunyan-ski-hill,North America,USA,Wisconsin,http://www.skiresort.info/ski-resort/paul-bunyan-ski-hill/,0,,,,0,0,0,
pebble-creek,North America,USA,Idaho,http://www.skiresort.info/ski-resort/pebble-creek/,2609,6,9,4,43,0,29,3
peekn-peak,North America,USA,New York,http://www.skiresort.info/ski-resort/peekn-peak/,535,4,8,3,59,0,46,
perfect-north-slopes,North America,USA,Indiana,http://www.skiresort.info/ski-resort/perfect-north-slopes/,244,3,1,1,0,0,0,
petoskey-winter-sports-park,North America,USA,Michigan,http://www.skiresort.info/ski-resort/petoskey-winter-sports-park/,241,0.2,0,0,0,0,0,
pico-mountain,North America,USA,Vermont,http://www.skiresort.info/ski-resort/pico-mountain/,1209,6.8,15,8.6,74,0,57,3.8
pine-creek,North America,USA,Wyoming,http://www.skiresort.info/ski-resort/pine-creek/,2508,4,7,5,43,0,38,3
pine-knob,North America,USA,Michigan,http://www.skiresort.info/ski-resort/pine-knob/,392,1,2.5,1.5,56,0,0,2.8
pine-mountain,North America,USA,Michigan,http://www.skiresort.info/ski-resort/pine-mountain/,461,2.5,5.5,1.5,45,37,25,2.9
pinnacle-park-pittsfield,North America,USA,Maine,http://www.skiresort.info/ski-resort/pinnacle-park-pittsfield/,96,0.3,0.2,0.2,0,0,0,1
plattekill,North America,USA,New York,http://www.skiresort.info/ski-resort/plattekill/,1014,4.5,6,6,61,50,48,2.9
plumas-eureka-ski-bowl,North America,USA,California,http://www.skiresort.info/ski-resort/plumas-eureka-ski-bowl/,1874,1,0.2,0.1,0,0,0,
plumtree-ski-hill-fawnridge,North America,USA,Illinois,http://www.skiresort.info/ski-resort/plumtree-ski-hill-fawnridge/,0,,,,0,0,0,
points-north-heli-adventures,North America,USA,Alaska,http://www.skiresort.info/ski-resort/points-north-heli-adventures/,0,,,,0,0,0,
polar-peak,North America,USA,New York,http://www.skiresort.info/ski-resort/polar-peak/,196,1,0.5,0.4,0,0,0,1
pomerelle,North America,USA,Idaho,http://www.skiresort.info/ski-resort/pomerelle/,2640,4,7,4,38,0,29,3
porcupine-mountain,North America,USA,Michigan,http://www.skiresort.info/ski-resort/porcupine-mountain/,415,3.2,3.5,3,39,0,30,
potawatomi-park,North America,USA,Wisconsin,http://www.skiresort.info/ski-resort/potawatomi-park/,0,,,,0,0,0,
powder-mountain,North America,USA,Utah,http://www.skiresort.info/ski-resort/powder-mountain/,2712,30,50,55,85,0,47,3.2
powder-ridge,North America,USA,Minnesota,http://www.skiresort.info/ski-resort/powder-ridge/,432,2,1.5,0.5,48,0,0,2.8
powder-ridge-mountain-park-resort,North America,USA,Connecticut,http://www.skiresort.info/ski-resort/powder-ridge-mountain-park-resort/,245,2.5,2,1,55,0,44,3
powderbird,North America,USA,Utah,http://www.skiresort.info/ski-resort/powderbird/,0,,,,0,0,0,
powderhorn,North America,USA,Colorado,http://www.skiresort.info/ski-resort/powderhorn/,3000,5,15,18,71,60,35,3.6
powderhouse-hill-south-berwick,North America,USA,Maine,http://www.skiresort.info/ski-resort/powderhouse-hill-south-berwick/,80,0.5,0,0,5,0,0,1
powers-bluff,North America,USA,Wisconsin,http://www.skiresort.info/ski-resort/powers-bluff/,436,1,0,0,8,0,0,1
purgatory-durango,North America,USA,Colorado,http://www.skiresort.info/ski-resort/purgatory-durango/,3299,15,40,30,89,70,55,3.6
quadna-mountain,North America,USA,Minnesota,http://www.skiresort.info/ski-resort/quadna-mountain/,0,,,,0,0,0,
quechee-lakes-ski-area,North America,USA,Vermont,http://www.skiresort.info/ski-resort/quechee-lakes-ski-area/,380,2,2.5,0.5,36,0,32,2.8
quoggy-jo-ski-center-presque-isle,North America,USA,Maine,http://www.skiresort.info/ski-resort/quoggy-jo-ski-center-presque-isle/,275,0.8,0,0,8,0,0,1.5
ragged-mountain,North America,USA,New Hampshire,http://www.skiresort.info/ski-resort/ragged-mountain/,680,4.5,10,8,79,65,55,3.9
raging-buffalo-algonquin,North America,USA,Illinois,http://www.skiresort.info/ski-resort/raging-buffalo-algonquin/,260,0.3,0.2,0,45,0,0,1
ravenswood,North America,USA,Alaska,http://www.skiresort.info/ski-resort/ravenswood/,0,,,,0,0,0,
red-hill-moultonborough,North America,USA,New Hampshire,http://www.skiresort.info/ski-resort/red-hill-moultonborough/,260,0.4,0.4,0.2,0,0,0,1
red-lodge-mountain,North America,USA,Montana,http://www.skiresort.info/ski-resort/red-lodge-mountain/,2870,11,30,24,53,42,22,3.4
red-river,North America,USA,New Mexico,http://www.skiresort.info/ski-resort/red-river/,3135,7,6,7,73,67,57,3
riverside-hills,North America,USA,Iowa,http://www.skiresort.info/ski-resort/riverside-hills/,0,,,,0,0,0,
riverview-highlands,North America,USA,Michigan,http://www.skiresort.info/ski-resort/riverview-highlands/,0,,,,0,0,0,
rocking-horse-ranch,North America,USA,New York,http://www.skiresort.info/ski-resort/rocking-horse-ranch/,214,0.3,0,0,0,0,0,1
rotarun,North America,USA,Idaho,http://www.skiresort.info/ski-resort/rotarun/,1790,1,2,1.5,20,0,10,1.5
roundtop,North America,USA,Pennsylvania,http://www.skiresort.info/ski-resort/roundtop/,410,1.5,3,3,68,0,56,3
royal-mountain,North America,USA,New York,http://www.skiresort.info/ski-resort/royal-mountain/,533,2.5,3,2,40,0,30,3
ruby-mountain,North America,USA,Nevada,http://www.skiresort.info/ski-resort/ruby-mountain/,3350,,,,0,0,0,
saddleback,North America,USA,Maine,http://www.skiresort.info/ski-resort/saddleback/,1220,4,8,10,69,0,59,2.9
sahalie-ski-club,North America,USA,Washington State,http://www.skiresort.info/ski-resort/sahalie-ski-club/,966,1,0.5,0,0,0,0,
sand-master-park-florence,North America,USA,Oregon,http://www.skiresort.info/ski-resort/sand-master-park-florence/,40,0,0,0.1,25,0,0,1
sandia-peak,North America,USA,New Mexico,http://www.skiresort.info/ski-resort/sandia-peak/,3140,8,20,3,55,45,40,2.8
santa-fe,North America,USA,New Mexico,http://www.skiresort.info/ski-resort/santa-fe/,3679,9,15,10,75,60,52,3
sapphire-valley,North America,USA,North Carolina,http://www.skiresort.info/ski-resort/sapphire-valley/,1005,0.5,0,0,40,0,23,3
sawkill-ski,North America,USA,New York,http://www.skiresort.info/ski-resort/sawkill-ski/,0,,,,40,0,33,
sawmill-mountain-resort,North America,USA,Pennsylvania,http://www.skiresort.info/ski-resort/sawmill-mountain-resort/,620,0.9,2.5,1,37,0,30,2.6
schweitzer-mountain-resort,North America,USA,Idaho,http://www.skiresort.info/ski-resort/schweitzer-mountain-resort/,1950,20,40,35,79,0,50,3.6
scotch-valley-resort,North America,USA,New York,http://www.skiresort.info/ski-resort/scotch-valley-resort/,0,,,,0,0,0,
seacoast-snow-park,North America,USA,Maine,http://www.skiresort.info/ski-resort/seacoast-snow-park/,0,,,,0,0,0,
seven-oaks,North America,USA,Iowa,http://www.skiresort.info/ski-resort/seven-oaks/,330,1.5,2,0.5,36,0,27,3
seven-springs,North America,USA,Pennsylvania,http://www.skiresort.info/ski-resort/seven-springs/,915,6,7,4,87,0,67,3.3
shanty-creek-resorts-schuss-mountain,North America,USA,Michigan,http://www.skiresort.info/ski-resort/shanty-creek-resorts-schuss-mountain/,356,5,4,3,69,59,54,3
shanty-creek-resorts-summit-mountain,North America,USA,Michigan,http://www.skiresort.info/ski-resort/shanty-creek-resorts-summit-mountain/,300,0.8,2.5,0.7,69,59,54,3
shawnee-mountain,North America,USA,Pennsylvania,http://www.skiresort.info/ski-resort/shawnee-mountain/,350,4,9,5,62,0,45,3.2
shawnee-peak,North America,USA,Maine,http://www.skiresort.info/ski-resort/shawnee-peak/,550,4,12,7,65,0,50,3
showdown,North America,USA,Montana,http://www.skiresort.info/ski-resort/showdown/,2500,6,8,6,45,40,25,3
shu-maker-mountain-little-falls,North America,USA,New York,http://www.skiresort.info/ski-resort/shu-maker-mountain-little-falls/,0,,,,0,0,0,
sierra-at-tahoe,North America,USA,Western United States,http://www.skiresort.info/ski-resort/sierra-at-tahoe/,2698,12,23,11.5,104,94,43,3
sierra-summit,North America,USA,California,http://www.skiresort.info/ski-resort/sierra-summit/,0,,,,0,0,0,
silver-mountain,North America,USA,Idaho,http://www.skiresort.info/ski-resort/silver-mountain/,1920,4,8,13,60,0,45,3.8
silver-ridge,North America,USA,Michigan,http://www.skiresort.info/ski-resort/silver-ridge/,0,,,,0,0,0,
silverton-mountain,North America,USA,Colorado,http://www.skiresort.info/ski-resort/silverton-mountain/,3790,,,,59,0,0,
sipapu,North America,USA,New Mexico,http://www.skiresort.info/ski-resort/sipapu/,2825,3,7,8,45,39,29,2.8
sitzmark,North America,USA,Washington State,http://www.skiresort.info/ski-resort/sitzmark/,1485,2,3,2.5,35,28,22,2.8
ski-brule,North America,USA,Michigan,http://www.skiresort.info/ski-resort/ski-brule/,565,2,4,1.5,49,0,43,2.7
skiland-mt-aurora,North America,USA,Alaska,http://www.skiresort.info/ski-resort/skiland-mt-aurora/,745,4,9,4,35,0,20,3
sky-tavern,North America,USA,Nevada,http://www.skiresort.info/ski-resort/sky-tavern/,2517,,,,0,0,0,
skyline-friendship,North America,USA,Wisconsin,http://www.skiresort.info/ski-resort/skyline-friendship/,392,1,0.4,0.3,0,0,0,1.4
sleeping-giant,North America,USA,Wyoming,http://www.skiresort.info/ski-resort/sleeping-giant/,2265,3,8,6,34,26,16,2.7
sleepy-hollow-sports-park-des-moines,North America,USA,Iowa,http://www.skiresort.info/ski-resort/sleepy-hollow-sports-park-des-moines/,286,0.5,0.4,0.3,0,0,0,2.8
smugglers-notch,North America,USA,Vermont,http://www.skiresort.info/ski-resort/smugglers-notch/,1112,13,41,24,80,0,64,3
snoebahn-centennial,North America,USA,Colorado,http://www.skiresort.info/ski-resort/snoebahn-centennial/,1710,0.1,0,0,40,0,35,
snow-creek,North America,USA,Missouri,http://www.skiresort.info/ski-resort/snow-creek/,335,1.3,1.8,0.1,44,0,29,2.9
snow-hill-at-eastman,North America,USA,New Hampshire,http://www.skiresort.info/ski-resort/snow-hill-at-eastman/,420,0.5,0.5,0,0,0,0,
snow-king-mountain-jackson,North America,USA,Wyoming,http://www.skiresort.info/ski-resort/snow-king-mountain-jackson/,2380,3,2.5,3.5,55,0,35,3
snow-ridge,North America,USA,New York,http://www.skiresort.info/ski-resort/snow-ridge/,540,2,3,5,39,0,30,
snow-snake,North America,USA,Michigan,http://www.skiresort.info/ski-resort/snow-snake/,365,1,1.5,0.5,32,0,0,2.4
snow-summit-big-bear-lake,North America,USA,California,http://www.skiresort.info/ski-resort/snow-summit-big-bear-lake/,2500,10,12,7,89,73,36,3.4
snow-trails,North America,USA,Ohio,http://www.skiresort.info/ski-resort/snow-trails/,440,1.5,2.8,1,49,0,39,3
snow-valley,North America,USA,California,http://www.skiresort.info/ski-resort/snow-valley/,2390,4,20,10,79,69,35,3.3
snowbasin,North America,USA,Utah,http://www.skiresort.info/ski-resort/snowbasin/,2850,5,28,15,99,0,55,3.9
snowbird,North America,USA,Utah,http://www.skiresort.info/ski-resort/snowbird/,3353,27,38,38,129,0,61,3.7
snowhaven,North America,USA,Idaho,http://www.skiresort.info/ski-resort/snowhaven/,1730,1.5,0.5,0,25,0,0,
snowmass,North America,USA,Colorado,http://www.skiresort.info/ski-resort/snowmass/,3813,14.2,111,111,169,0,112,4
snowshoe-mountain,North America,USA,West Virginia,http://www.skiresort.info/ski-resort/snowshoe-mountain/,1478,14,11,6,99,87,82,3.5
snowstar,North America,USA,Illinois,http://www.skiresort.info/ski-resort/snowstar/,235,0.5,1.5,2,35,0,30,2.9
snowy-range,North America,USA,Wyoming,http://www.skiresort.info/ski-resort/snowy-range/,2945,4.5,9,3,45,39,28,3
soda-springs,North America,USA,Western United States,http://www.skiresort.info/ski-resort/soda-springs/,2232,3,5,2,39,39,29,3
soldier-mountain,North America,USA,Idaho,http://www.skiresort.info/ski-resort/soldier-mountain/,2188,9,8,8,38,0,22,3
solitude,North America,USA,Utah,http://www.skiresort.info/ski-resort/solitude/,3000,20,30,14,88,56,0,3.8
song-mountain,North America,USA,New York,http://www.skiresort.info/ski-resort/song-mountain/,585,4.5,6,2.5,56,0,46,2.9
spirit-mountain,North America,USA,Minnesota,http://www.skiresort.info/ski-resort/spirit-mountain/,390,4,5,2,49,0,39,3.6
spout-springs,North America,USA,Oregon,http://www.skiresort.info/ski-resort/spout-springs/,1670,3,5,1.5,35,30,25,3
spring-mountain,North America,USA,Pennsylvania,http://www.skiresort.info/ski-resort/spring-mountain/,150,4,2.5,2,48,0,0,3
spruce-mountain-jay,North America,USA,Maine,http://www.skiresort.info/ski-resort/spruce-mountain-jay/,183,0.6,1.4,0.4,25,0,20,1
squaw-valley,North America,USA,Western United States,http://www.skiresort.info/ski-resort/squaw-valley/,2760,25,45,30,129,112,78,4
stagecoach,North America,USA,Colorado,http://www.skiresort.info/ski-resort/stagecoach/,2867,,,,0,0,0,
standing-rocks,North America,USA,Wisconsin,http://www.skiresort.info/ski-resort/standing-rocks/,370,0.6,0.3,0.3,8,0,5,
steamboat,North America,USA,Colorado,http://www.skiresort.info/ski-resort/steamboat/,3221,25,95,45,165,135,105,3.9
sterling-forest-ski-center,North America,USA,New York,http://www.skiresort.info/ski-resort/sterling-forest-ski-center/,0,,,,0,0,0,
stevens-pass,North America,USA,Washington State,http://www.skiresort.info/ski-resort/stevens-pass/,1750,6,18,15,74,0,50,3.5
storrs-hill-lebanon,North America,USA,New Hampshire,http://www.skiresort.info/ski-resort/storrs-hill-lebanon/,282,0.7,0.3,0,10,0,7,1.5
stover-mountain,North America,USA,California,http://www.skiresort.info/ski-resort/stover-mountain/,1710,,,,0,0,0,
stowe,North America,USA,Vermont,http://www.skiresort.info/ski-resort/stowe/,1116,20,42,8,131,0,111,4
stratton,North America,USA,Vermont,http://www.skiresort.info/ski-resort/stratton/,1181,60,20,12,105,89,79,3.7
sugar-bowl,North America,USA,Western United States,http://www.skiresort.info/ski-resort/sugar-bowl/,2555,15.3,40.5,34.2,115,94,66,3.7
sugar-mountain,North America,USA,North Carolina,http://www.skiresort.info/ski-resort/sugar-mountain/,1589,4,7,3,72,0,49,3.7
sugarbush,North America,USA,Vermont,http://www.skiresort.info/ski-resort/sugarbush/,1240,17,40,30,97,0,77,3.7
sugarloaf,North America,USA,Maine,http://www.skiresort.info/ski-resort/sugarloaf/,1286,28,40,51,95,79,69,3.4
suicide-six,North America,USA,Vermont,http://www.skiresort.info/ski-resort/suicide-six/,411,3.5,4,3,68,0,50,3
summit-ski-area-at-mt-hood,North America,USA,Oregon,http://www.skiresort.info/ski-resort/summit-ski-area-at-mt-hood/,1312,2,2,0,30,0,20,3
sunburst,North America,USA,Wisconsin,http://www.skiresort.info/ski-resort/sunburst/,357,0.5,1.5,1,42,0,25,2.6
sundance,North America,USA,Utah,http://www.skiresort.info/ski-resort/sundance/,2515,15,20,9,70,0,43,3
sunday-river,North America,USA,Maine,http://www.skiresort.info/ski-resort/sunday-river/,957,30,40,14,105,79,69,3.6
sundown,North America,USA,Connecticut,http://www.skiresort.info/ski-resort/sundown/,330,2.7,1.4,1.7,60,52,18,
sundown-mountain-resort,North America,USA,Iowa,http://www.skiresort.info/ski-resort/sundown-mountain-resort/,350,1.3,1.6,0.3,45,0,35,
sunlight-mountain,North America,USA,Colorado,http://www.skiresort.info/ski-resort/sunlight-mountain/,3015,4,11,5,63,0,45,3
sunrise-park,North America,USA,Arizona,http://www.skiresort.info/ski-resort/sunrise-park/,3330,,,,71,59,44,
sunset-ski-area,North America,USA,Iowa,http://www.skiresort.info/ski-resort/sunset-ski-area/,0,,,,0,0,0,
swain,North America,USA,New York,http://www.skiresort.info/ski-resort/swain/,600,3,4.2,3.7,54,0,44,2.9
swiss-valley,North America,USA,Michigan,http://www.skiresort.info/ski-resort/swiss-valley/,360,0.4,1.1,0.3,42,0,30,
tamarack-resort,North America,USA,Idaho,http://www.skiresort.info/ski-resort/tamarack-resort/,2347,12,20,10,69,44,30,4
taos,North America,USA,New Mexico,http://www.skiresort.info/ski-resort/taos/,3795,27,28,58,105,85,65,3
telluride,North America,USA,Colorado,http://www.skiresort.info/ski-resort/telluride/,3815,6.7,51.7,29.8,133,0,79,4
tenney-mountain,North America,USA,New Hampshire,http://www.skiresort.info/ski-resort/tenney-mountain/,655,3,8,4,0,0,0,
terry-peak,North America,USA,South Dakota,http://www.skiresort.info/ski-resort/terry-peak/,2130,4.7,7.2,4.1,53,0,39,4.1
teton-pass,North America,USA,Montana,http://www.skiresort.info/ski-resort/teton-pass/,2194,6,5,4,45,40,30,2.6
the-balsams,North America,USA,New Hampshire,http://www.skiresort.info/ski-resort/the-balsams/,838,3.4,4,5.2,0,0,0,
the-homestead-resort,North America,USA,Michigan,http://www.skiresort.info/ski-resort/the-homestead-resort/,280,1,2,1,50,38,24,
the-omni-homestead,North America,USA,Virginia,http://www.skiresort.info/ski-resort/the-omni-homestead/,930,1,1,1,0,0,0,
the-ridge-le-roy,North America,USA,New York,http://www.skiresort.info/ski-resort/the-ridge-le-roy/,245,0.4,0.3,0,0,0,0,1.5
the-rock-snow-park,North America,USA,Wisconsin,http://www.skiresort.info/ski-resort/the-rock-snow-park/,270,1,0,0,40,0,0,
the-summit-at-snoqualmie,North America,USA,Washington State,http://www.skiresort.info/ski-resort/the-summit-at-snoqualmie/,1180,5.2,13.7,9,79,55,15,3.2
the-whitecap-mountains,North America,USA,Wisconsin,http://www.skiresort.info/ski-resort/the-whitecap-mountains/,540,4,2,3,55,42,27,
thunder-ridge,North America,USA,New York,http://www.skiresort.info/ski-resort/thunder-ridge/,267,1.8,1,1.4,52,0,37,
timber-ridge,North America,USA,Michigan,http://www.skiresort.info/ski-resort/timber-ridge/,287,1.2,1.6,0.4,40,0,29,
timberline,North America,USA,Oregon,http://www.skiresort.info/ski-resort/timberline/,2603,8,15,8,76,63,34,4.1
timberline-four-seasons,North America,USA,West Virginia,http://www.skiresort.info/ski-resort/timberline-four-seasons/,1301,6,6,6,79,0,55,3
titcomb-mountain,North America,USA,Maine,http://www.skiresort.info/ski-resort/titcomb-mountain/,210,1,1.1,2.3,22,0,0,
titus-mountain,North America,USA,New York,http://www.skiresort.info/ski-resort/titus-mountain/,423,10,10,7,45,45,35,2.9
toggenburg-ski-center,North America,USA,New York,http://www.skiresort.info/ski-resort/toggenburg-ski-center/,543,3.2,2,3.1,50,0,40,
treetops-sylvan,North America,USA,Michigan,http://www.skiresort.info/ski-resort/treetops-sylvan/,405,0.3,1.9,2.2,59,55,49,
triangle-sports-area-green-bay,North America,USA,Wisconsin,http://www.skiresort.info/ski-resort/triangle-sports-area-green-bay/,217,0.5,0.1,0,0,0,0,1
trollhaugen,North America,USA,Wisconsin,http://www.skiresort.info/ski-resort/trollhaugen/,362,2.5,1.5,0.9,50,0,40,2.6
turner-mountain,North America,USA,Montana,http://www.skiresort.info/ski-resort/turner-mountain/,1814,2.1,5.5,6.2,37,25,20,
tussey-mountain,North America,USA,Pennsylvania,http://www.skiresort.info/ski-resort/tussey-mountain/,553,1.5,1.2,0.3,48,0,44,
tuxedo-ridge,North America,USA,New York,http://www.skiresort.info/ski-resort/tuxedo-ridge/,365,1,4,2,0,0,0,
tyrol-basin-mt-horeb,North America,USA,Wisconsin,http://www.skiresort.info/ski-resort/tyrol-basin-mt-horeb/,344,1.2,1.5,1.5,45,0,35,
vail,North America,USA,Colorado,http://www.skiresort.info/ski-resort/vail/,3433,57,84,93,169,0,117,4
val-bialas-ski-center-utica,North America,USA,New York,http://www.skiresort.info/ski-resort/val-bialas-ski-center-utica/,251,0.8,0.4,0.6,0,0,0,2.6
valdez-heli-ski-guides,North America,USA,Alaska,http://www.skiresort.info/ski-resort/valdez-heli-ski-guides/,0,,,,0,0,0,
veterans-memorial-franklin,North America,USA,New Hampshire,http://www.skiresort.info/ski-resort/veterans-memorial-franklin/,305,0.6,0.4,0,0,0,0,1.3
villa-olivia-bartlett,North America,USA,Illinois,http://www.skiresort.info/ski-resort/villa-olivia-bartlett/,258,0.2,0.6,0.6,40,29,17,2.2
villa-roma,North America,USA,New York,http://www.skiresort.info/ski-resort/villa-roma/,388,1.7,0,0,0,0,0,
wachusett-mountain,North America,USA,Massachusetts,http://www.skiresort.info/ski-resort/wachusett-mountain/,611,3.6,4.8,3.6,69,0,56,4.1
ward-hill-shrewsbury,North America,USA,Massachusetts,http://www.skiresort.info/ski-resort/ward-hill-shrewsbury/,160,0.6,1,0.5,49,0,10,2.5
warner-canyon-lakeview,North America,USA,Oregon,http://www.skiresort.info/ski-resort/warner-canyon-lakeview/,1975,2.4,1.6,5.9,32,22,18,
waterville-valley,North America,USA,New Hampshire,http://www.skiresort.info/ski-resort/waterville-valley/,1220,3.5,16,5.5,81,71,61,3.3
welch-village,North America,USA,Minnesota,http://www.skiresort.info/ski-resort/welch-village/,323,2,2,2,56,0,46,
wenatchee-mission-ridge,North America,USA,Washington State,http://www.skiresort.info/ski-resort/wenatchee-mission-ridge/,2078,10,60,30,63,0,43,3.4
west-mountain,North America,USA,New York,http://www.skiresort.info/ski-resort/west-mountain/,435,5.9,2.1,1.7,59,49,45,3
whaleback,North America,USA,New Hampshire,http://www.skiresort.info/ski-resort/whaleback/,543,5.2,2.8,3.5,43,32,27,2.8
whisper-ridge,North America,USA,Utah,http://www.skiresort.info/ski-resort/whisper-ridge/,0,,,,0,0,0,
white-pass,North America,USA,Washington State,http://www.skiresort.info/ski-resort/white-pass/,1986,10,12,8,63,0,43,3.7
white-pine-pinedale,North America,USA,Wyoming,http://www.skiresort.info/ski-resort/white-pine-pinedale/,2847,3.7,2.6,5.3,48,0,35,3
whiteface-lake-placid,North America,USA,New York,http://www.skiresort.info/ski-resort/whiteface-lake-placid/,1340,7,15,13,94,74,58,3
whitefish-mountain-resort,North America,USA,Montana,http://www.skiresort.info/ski-resort/whitefish-mountain-resort/,2078,18,46,27,79,68,40,3.5
whitetail,North America,USA,Pennsylvania,http://www.skiresort.info/ski-resort/whitetail/,549,1.5,5.6,3.1,75,0,62,
whitetail-ridge-fort-mccoy,North America,USA,Wisconsin,http://www.skiresort.info/ski-resort/whitetail-ridge-fort-mccoy/,322,0.7,0.5,0,30,0,25,1.5
wild-mountain,North America,USA,Minnesota,http://www.skiresort.info/ski-resort/wild-mountain/,320,1.1,1.6,2.1,51,0,40,
wildcat-mountain,North America,USA,New Hampshire,http://www.skiresort.info/ski-resort/wildcat-mountain/,1238,9.4,22.1,14,85,0,64,3.5
willamette-pass-crescent,North America,USA,Oregon,http://www.skiresort.info/ski-resort/willamette-pass-crescent/,2036,6,13,10,49,0,30,3.4
willard-mountain-greenwich,North America,USA,New York,http://www.skiresort.info/ski-resort/willard-mountain-greenwich/,429,0.6,1.4,0.8,43,0,39,
wilmot-mountain,North America,USA,Wisconsin,http://www.skiresort.info/ski-resort/wilmot-mountain/,292,1.4,1.6,1,64,0,59,2.9
windham-mountain,North America,USA,New York,http://www.skiresort.info/ski-resort/windham-mountain/,945,,,,85,73,63,
winter-park-kewaunee-county,North America,USA,Wisconsin,http://www.skiresort.info/ski-resort/winter-park-kewaunee-county/,225,0.5,0.5,0.1,10,0,0,1.5
winter-park-resort,North America,USA,Colorado,http://www.skiresort.info/ski-resort/winter-park-resort/,3676,11,53,79,159,0,99,4
winterclub-indoor-ski-snowboard-winter-park,North America,USA,Florida,http://www.skiresort.info/ski-resort/winterclub-indoor-ski-snowboard-winter-park/,34,0.1,0,0,0,0,0,1
wintergreen-resort,North America,USA,Virginia,http://www.skiresort.info/ski-resort/wintergreen-resort/,1071,2,4,4,84,0,64,3.8
winterplace,North America,USA,West Virginia,http://www.skiresort.info/ski-resort/winterplace/,1097,,,,69,0,52,
wisp-mchenry-deep-creek-lake,North America,USA,Maryland,http://www.skiresort.info/ski-resort/wisp-mchenry-deep-creek-lake/,950,5.6,6.1,4.3,74,0,54,
wolf-creek,North America,USA,Colorado,http://www.skiresort.info/ski-resort/wolf-creek/,3628,20,35,45,70,0,36,3.4
wolf-ridge,North America,USA,North Carolina,http://www.skiresort.info/ski-resort/wolf-ridge/,1432,3,2,1,56,0,46,3
woodbury,North America,USA,Connecticut,http://www.skiresort.info/ski-resort/woodbury/,259,3.5,3.5,2.6,42,0,35,
woods-valley,North America,USA,New York,http://www.skiresort.info/ski-resort/woods-valley/,325,2,1.5,0.5,43,0,37,
yawgoo-valley,North America,USA,Rhode Island,http://www.skiresort.info/ski-resort/yawgoo-valley/,96,1.5,0.9,0.1,49,0,42,
yellowstone-club,North America,USA,Montana,http://www.skiresort.info/ski-resort/yellowstone-club/,3005,30,30,20,0,0,0,4.4