Resort Name,Resort_hashtag,Continent,Country,State/Province,URL,Altitude,Easy(km),Intermediate(km) ,Difficult(km),Adult(ticket),Youth(ticket),Child(ticket),Lifts and cable cars 
49-degrees-north-mountain-resort,49degreesnorth,North America,USA,Washington State,http://www.skiresort.info/skiresort/49degreesnorthmountainresort/,1760,20,27,21,58,0,48,3
abenaki,abenaki,North America,USA,New Hampshire,http://www.skiresort.info/skiresort/abenaki/,250,0.5,0.3,0.2,0,0,0,
afton-alps,aftonalps,North America,USA,Minnesota,http://www.skiresort.info/skiresort/aftonalps/,387,3,3,2,58,0,53,3
al-quaal,alquaal,North America,USA,Michigan,http://www.skiresort.info/skiresort/alquaal/,451,0.2,0.2,0,0,0,0,
aldis-hill-park-st-albans,aldishill,North America,USA,Vermont,http://www.skiresort.info/skiresort/aldishillparkstalbans/,150,0.2,0.2,0,0,0,0,
alpenglow-at-arctic-valley,alpenglow,North America,USA,Alaska,http://www.skiresort.info/skiresort/alpenglowatarcticvalley/,1188,5,10,10,35,30,20,
alpental,alpental,North America,USA,Washington State,http://www.skiresort.info/skiresort/alpental/,1670,0.5,2.3,6.8,79,55,15,3.5
alpine-meadows,alpinemeadows,North America,USA,Western United States,http://www.skiresort.info/skiresort/alpinemeadows/,2632,25,40,35,159,134,98,4
alpine-mountain-ski-snow-tubing-center,alpinemountainski,North America,USA,Pennsylvania,http://www.skiresort.info/skiresort/alpinemountainskisnowtubingcenter/,351,2,4,2,55,0,45,3
alpine-valley-cleveland,alpinevalley,North America,USA,Ohio,http://www.skiresort.info/skiresort/alpinevalleycleveland/,457,0.4,0.6,0.5,43,0,38,2.9
alpine-valley-resort-elkhorn,alpinevalleyresort,North America,USA,Wisconsin,http://www.skiresort.info/skiresort/alpinevalleyresortelkhorn/,415,1.5,1.5,1,48,0,43,3.5
alpine-valley-white-lake,alpinevalley,North America,USA,Michigan,http://www.skiresort.info/skiresort/alpinevalleywhitelake/,368,3,1,1,45,0,35,
alta,altaskiresort,North America,USA,Utah,http://www.skiresort.info/skiresort/alta/,3215,29,46.4,40.6,104,0,54,3.7
alta-sierra-shirley-meadows,altasierraskiresort,North America,USA,California,http://www.skiresort.info/skiresort/altasierrashirleymeadows/,2160,1.3,0.2,0,35,0,25,
alyeska-resort-girdwood,alyeskaresortgirdwood,North America,USA,Alaska,http://www.skiresort.info/skiresort/alyeskaresortgirdwood/,840,14,31,17,85,68,39,3.5
american-dream-meadowlands-east-rutherford,americandreammeadowlandseastrutherford,North America,USA,New Jersey,http://www.skiresort.info/skiresort/americandreammeadowlandseastrutherford/,136,0.3,0,0,0,0,0,1
andes-tower-hills,andestowerhills,North America,USA,Minnesota,http://www.skiresort.info/skiresort/andestowerhills/,494,2.2,1.6,0.2,42,0,30,
angel-fire,angelfireskiresort,North America,USA,New Mexico,http://www.skiresort.info/skiresort/angelfire/,3256,40,28,7,73,63,53,3.9
antelope-butte,antelopebutte,North America,USA,Wyoming,http://www.skiresort.info/skiresort/antelopebutte/,2865,4,10,6,30,25,15,
anthony-lakes-mountain-resort,anthonylakesmountainresort,North America,USA,Oregon,http://www.skiresort.info/skiresort/anthonylakesmountainresort/,2438,2,3.8,4.2,35,29,21,2.9
apache,apacheski,North America,USA,New Mexico,http://www.skiresort.info/skiresort/apache/,3475,12,18,25,56,49,40,3.4
appalachian-ski-mountain,appalachianskimountain,North America,USA,North Carolina,http://www.skiresort.info/skiresort/appalachianskimountain/,1219,2,2.5,0.5,61,0,42,
apple-mountain,applemountain,North America,USA,Michigan,http://www.skiresort.info/skiresort/applemountain/,244,0.8,0.8,0.4,35,0,0,
arapahoe-basin,arapahoebasin,North America,USA,Colorado,http://www.skiresort.info/skiresort/arapahoebasin/,3790,40,25,40,100,85,52,3
arizona-snowbowl,arizonasnowbowl,North America,USA,Arizona,http://www.skiresort.info/skiresort/arizonasnowbowl/,3505,12,14,11,89,75,55,3.3
aspen-highlands,aspenhighlands,North America,USA,Colorado,http://www.skiresort.info/skiresort/aspenhighlands/,3559,24.3,40.5,70.2,169,0,112,4
aspen-mountain,aspenmountain,North America,USA,Colorado,http://www.skiresort.info/skiresort/aspenmountain/,3418,0,49,54,169,0,112,4
attitash-mountain-resort,attitashmountainresort,North America,USA,New Hampshire,http://www.skiresort.info/skiresort/attitashmountainresort/,716,7.4,17.4,12.2,85,0,64,3.3
ausblick-sussex,ausblickskiarea,North America,USA,Wisconsin,http://www.skiresort.info/skiresort/ausblicksussex/,350,0.8,0.6,0,30,0,0,2.5
badger-mountain,badgermountainskihill,North America,USA,Washington State,http://www.skiresort.info/skiresort/badgermountain/,1158,2,0.5,0,10,10,10,
badger-pass,badgerpass,North America,USA,California,http://www.skiresort.info/skiresort/badgerpass/,2440,3.5,5,1.5,47,42,29.5,2.9
bald-mountain,baldmountainskiarea,North America,USA,Idaho,http://www.skiresort.info/skiresort/baldmountain/,1463,3,4,2,20,0,17,1.4
bald-mountain-sun-valley,baldmountainsunvalley,North America,USA,Idaho,http://www.skiresort.info/skiresort/baldmountainsunvalley/,2788,35,40,17,125,0,75,3.9
bear-creek-mountain-resort,bearcreekmountainresort,North America,USA,Pennsylvania,http://www.skiresort.info/skiresort/bearcreekmountainresort/,335,3,4,3,67,0,58,3
bear-mountain-big-bear-lake,bearmountainbigbear,North America,USA,California,http://www.skiresort.info/skiresort/bearmountainbigbearlake/,2684,8,11.2,8,89,73,36,3.4
bear-paw-ski-bowl,bearpawskibowl,North America,USA,Montana,http://www.skiresort.info/skiresort/bearpawskibowl/,1609,3,6,1,20,0,18,
bear-valley,bearvalleyskiresort,North America,USA,California,http://www.skiresort.info/skiresort/bearvalley/,2590,17,27,23,79,68,32,3.4
bearfire-resort-dallas-fort-worth-planned,bearfireresortdallasfortworthplanned,North America,USA,Texas,http://www.skiresort.info/skiresort/bearfireresortdallasfortworthplanned/,0,,,,0,0,0,
bears-den-mountain-fort-ransom,bearsdenmountain,North America,USA,North Dakota,http://www.skiresort.info/skiresort/bearsdenmountainfortransom/,430,2,2,0,25,0,21,
beartooth-basin,beartoothbasin,North America,USA,Wyoming,http://www.skiresort.info/skiresort/beartoothbasin/,3322,0,2,3,45,0,0,1.5
beartown,beartownskiresort,North America,USA,New York,http://www.skiresort.info/skiresort/beartown/,304,0.5,0.3,0,22,0,20,1.5
beaver-creek,skibeavercreek,North America,USA,Colorado,http://www.skiresort.info/skiresort/beavercreek/,3488,28.5,64.5,57,189,0,130,4
beaver-mountain,beavermountain,North America,USA,Utah,http://www.skiresort.info/skiresort/beavermountain/,2700,10,12,8,48,0,38,3
beech-mountain,beechmountain,North America,USA,North Carolina,http://www.skiresort.info/skiresort/beechmountain/,1678,3,7,4,65,0,45,3.3
beef-trail,beeftrail,North America,USA,Montana,http://www.skiresort.info/skiresort/beeftrail/,0,,,,0,0,0,
belleayre-mountain,belleayremountain,North America,USA,New York,http://www.skiresort.info/skiresort/belleayremountain/,1045,5,11,4,68,58,46,3.6
berkshire-east,berkshireeast,North America,USA,Massachusetts,http://www.skiresort.info/skiresort/berkshireeast/,561,6,4,3,62,52,42,
big-bear-at-masthope-mountain,bigbearatmasthope,North America,USA,Pennsylvania,http://www.skiresort.info/skiresort/bigbearatmasthopemountain/,450,3,2,2,59,0,45,3
big-boulder,bigboulderpark,North America,USA,Pennsylvania,http://www.skiresort.info/skiresort/bigboulder/,663,3,1,0,58,0,45,
big-creek-ski-area,bigcreekskiclub,North America,USA,Ohio,http://www.skiresort.info/skiresort/bigcreekskiarea/,320,1,0,0,0,0,0,
big-powderhorn-mountain,bigpowderhornmountain,North America,USA,Michigan,http://www.skiresort.info/skiresort/bigpowderhornmountain/,540,3.5,3.5,3,65,54,44,
big-sky-resort,bigskyresort,North America,USA,Montana,http://www.skiresort.info/skiresort/bigskyresort/,3398,55,69,126,135,115,86,3.6
big-squaw,bigsquaw,North America,USA,Maine,http://www.skiresort.info/skiresort/bigsquaw/,933,3,3,2,30,0,25,
big-tupper-tupper-lake,bigtupper,North America,USA,New York,http://www.skiresort.info/skiresort/bigtuppertupperlake/,1082,5,5,2,0,0,0,
bigrock-mountain,bigrockmountain,North America,USA,Maine,http://www.skiresort.info/skiresort/bigrockmountain/,498,2,14,4,38,27,17,3
bittersweet,bittersweetskiresort,North America,USA,Michigan,http://www.skiresort.info/skiresort/bittersweet/,324,,,,44,0,36,
black-mountain-jackson,blackmountainjackson,North America,USA,New Hampshire,http://www.skiresort.info/skiresort/blackmountainjackson/,570,6,4,2,55,42,38,
black-mountain-rumford,blackmountainrumford,North America,USA,Maine,http://www.skiresort.info/skiresort/blackmountainrumford/,650,2,3.5,2.5,29,0,0,2.7
black-rapid,blackrapids,North America,USA,Alaska,http://www.skiresort.info/skiresort/blackrapid/,0,,,,0,0,0,
blackhawk-ski-club-middleton,blackhawkskiclub,North America,USA,Wisconsin,http://www.skiresort.info/skiresort/blackhawkskiclubmiddleton/,328,0.6,0.2,0,0,0,0,1
blackjack,blackjackskiresort,North America,USA,Michigan,http://www.skiresort.info/skiresort/blackjack/,510,2,4,4,65,0,52,
blacktail-mountain,blacktailmountain,North America,USA,Montana,http://www.skiresort.info/skiresort/blacktailmountain/,2066,3,11,3,40,28,19,
blandford,skiblandford,North America,USA,Massachusetts,http://www.skiresort.info/skiresort/blandford/,440,2,2,1,44,0,39,
blue-hills,bluehillsskiarea,North America,USA,Massachusetts,http://www.skiresort.info/skiresort/bluehills/,180,1.5,1,0.5,45,0,0,
blue-knob,blueknob,North America,USA,Pennsylvania,http://www.skiresort.info/skiresort/blueknob/,960,5,8,3,62,0,50,
blue-mountain,skibluemountain,North America,USA,Pennsylvania,http://www.skiresort.info/skiresort/bluemountain/,470,10,6,2,85,0,70,
bluewood,bluewoodski,North America,USA,Washington State,http://www.skiresort.info/skiresort/bluewood/,1730,3,5,3,39,0,32,
bogus-basin,bogusbasin,North America,USA,Idaho,http://www.skiresort.info/skiresort/bogusbasin/,2311,11,22,17,59,49,25,3.7
bolton-valley,boltonvalley,North America,USA,Vermont,http://www.skiresort.info/skiresort/boltonvalley/,960,15,10,5,74,0,64,2
boreal,borealskiresort,North America,USA,Western United States,http://www.skiresort.info/skiresort/boreal/,2357,6,11,3,64,44,34,3.3
boston-mills,bostonmills,North America,USA,Ohio,http://www.skiresort.info/skiresort/bostonmills/,270,0.5,0.5,0.5,43,0,38,
bottineau-winter-park,bottineauwinterpark,North America,USA,North Dakota,http://www.skiresort.info/skiresort/bottineauwinterpark/,740,0.8,0.3,0.2,35,30,20,
bousquet,bousquetskiarea,North America,USA,Massachusetts,http://www.skiresort.info/skiresort/bousquet/,566,3,2,3,47,0,0,
boyce-park,boyceparkskislopes,North America,USA,Pennsylvania,http://www.skiresort.info/skiresort/boycepark/,380,1,0,0,22,16,8,
boyne-highlands,boynehighlands,North America,USA,Michigan,http://www.skiresort.info/skiresort/boynehighlands/,408,4,3,3,89,79,69,3.2
boyne-mountain,boynemountain,North America,USA,Michigan,http://www.skiresort.info/skiresort/boynemountain/,372,4.5,6,3.5,89,79,69,3.1
bradford,bradfordski,North America,USA,Massachusetts,http://www.skiresort.info/skiresort/bradford/,80,1.5,1.5,1,52,0,0,
brandywine,brandywineskiresort,North America,USA,Ohio,http://www.skiresort.info/skiresort/brandywine/,270,1,0.7,0.3,43,0,38,
brantling-ski-slopes,brantlingskislopes,North America,USA,New York,http://www.skiresort.info/skiresort/brantlingskislopes/,210,0.7,0.3,0,32,0,29,
breckenridge,breckenridge,North America,USA,Colorado,http://www.skiresort.info/skiresort/breckenridge/,3914,28,60,65,164,0,107,4
bretton-woods,brettonwoods,North America,USA,New Hampshire,http://www.skiresort.info/skiresort/brettonwoods/,945,25,16,15,89,68,53,3.8
brian-head,brianheadskiresort,North America,USA,Utah,http://www.skiresort.info/skiresort/brianhead/,3328,22,24,25,69,0,50,3.3
bridger-bowl-bozeman,bridgerbowlskipatrol,North America,USA,Montana,http://www.skiresort.info/skiresort/bridgerbowlbozeman/,2682,20,26,25,60,0,22,3
brighton,brightonskiresort,North America,USA,Utah,http://www.skiresort.info/skiresort/brighton/,3200,10,18,38,79,0,49,4.1
bristol-mountain,bristolmountain,North America,USA,New York,http://www.skiresort.info/skiresort/bristolmountain/,670,6,10,4,72,0,57,3.6
bromley-mountain,bromleymountain,North America,USA,Vermont,http://www.skiresort.info/skiresort/bromleymountain/,1001,15,18,12,79,69,56,
bruce-mound,brucemound,North America,USA,Wisconsin,http://www.skiresort.info/skiresort/brucemound/,400,1,0.5,0.5,31,28,13,
brundage-mountain,brundagemountain,North America,USA,Idaho,http://www.skiresort.info/skiresort/brundagemountain/,2328,6,15,9,64,37,23,3.4
bryce-resort,bryceresort,North America,USA,Virginia,http://www.skiresort.info/skiresort/bryceresort/,533,2,2.8,0.2,65,0,58,3
buck-hill-ski-area,buckhillskiarea,North America,USA,Minnesota,http://www.skiresort.info/skiresort/buckhillskiarea/,371,1.2,0.8,0.2,44,0,32,2.7
buckhorn-ski-and-snowboard-club,buckhornskiclub,North America,USA,California,http://www.skiresort.info/skiresort/buckhornskiandsnowboardclub/,2253,0.2,0.6,0.4,0,0,0,
buena-vista,buenavistaskiarea,North America,USA,Minnesota,http://www.skiresort.info/skiresort/buenavista/,470,0.4,0.8,0.5,40,0,30,
buffalo-ski-club,buffaloskiclub,North America,USA,New York,http://www.skiresort.info/skiresort/buffaloskiclub/,512,5,4,2,55,0,44,
burke-mountain,burkemountain,North America,USA,Vermont,http://www.skiresort.info/skiresort/burkemountain/,975,2,4,4,64,55,47,3.7
buttermilk-mountain,buttermilkmountain,North America,USA,Colorado,http://www.skiresort.info/skiresort/buttermilkmountain/,3018,11.9,13.3,8.8,169,0,112,4
butternut-basin,butternutbasin,North America,USA,Massachusetts,http://www.skiresort.info/skiresort/butternutbasin/,540,4.4,13.2,4.4,65,0,55,
caberfae-peaks,caberfaepeaks,North America,USA,Michigan,http://www.skiresort.info/skiresort/caberfaepeaks/,465,4,5,2,47,42,37,3
camden-snow-bowl,camdensnowbowl,North America,USA,Maine,http://www.skiresort.info/skiresort/camdensnowbowl/,320,1.2,3.6,1.2,39,0,34,
camelback,skicamelback,North America,USA,Pennsylvania,http://www.skiresort.info/skiresort/camelback/,623,20,11,3,67,0,49,3.3
camp-10,camp10skiandsnowboard,North America,USA,Wisconsin,http://www.skiresort.info/skiresort/camp10/,530,0.3,0.7,0.5,34,0,25,
campgaw,campgaw,North America,USA,New Jersey,http://www.skiresort.info/skiresort/campgaw/,290,1,0,0,45,0,0,
campton-mountain,camptonmountain,North America,USA,New Hampshire,http://www.skiresort.info/skiresort/camptonmountain/,435,0.6,0.5,0.2,15,0,0,2.8
canaan-valley,canaanvalleyskiresort,North America,USA,West Virginia,http://www.skiresort.info/skiresort/canaanvalley/,1304,3,4,3,68,0,47,
cannon-mountain,cannonmountain,North America,USA,New Hampshire,http://www.skiresort.info/skiresort/cannonmountain/,1243,15,25,10,75,62,53,3.2
cannonsburg-ski-area,cannonsburgskiarea,North America,USA,Michigan,http://www.skiresort.info/skiresort/cannonsburgskiarea/,280,0.5,1,0.5,37,0,27,
carson-ski-resort,carsonskiresort,North America,USA,California,http://www.skiresort.info/skiresort/carsonskiresort/,0,,,,0,0,0,
cascade-mountain,cascademountain,North America,USA,Wisconsin,http://www.skiresort.info/skiresort/cascademountain/,378,5,5,4,0,0,0,
cascade-powder-guides,cascadepowderguides,North America,USA,Washington State,http://www.skiresort.info/skiresort/cascadepowderguides/,1705,,,,465,0,465,
cataldo-peak-adventures,cataldopeakadventures,North America,USA,Idaho,http://www.skiresort.info/skiresort/cataldopeakadventures/,0,,,,325,0,0,
cataloochee,cataloocheeskiarea,North America,USA,North Carolina,http://www.skiresort.info/skiresort/cataloochee/,1583,1.5,3,1.5,65,0,47,3
catamount,catamountski,North America,USA,Massachusetts,http://www.skiresort.info/skiresort/catamount/,580,8,4,3,66,0,56,3
cazenovia,cazenoviaskiclub,North America,USA,New York,http://www.skiresort.info/skiresort/cazenovia/,440,0.6,0.7,1,0,0,0,1.4
challenge-mountain-walloon-lake,challengemountain,North America,USA,Michigan,http://www.skiresort.info/skiresort/challengemountainwalloonlake/,325,0.9,0.3,0,0,0,0,
cherry-peak,cherrypeak,North America,USA,Utah,http://www.skiresort.info/skiresort/cherrypeak/,2635,5,10,5,42,0,32,3
chester-bowl-park,chesterbowlparks,North America,USA,Minnesota,http://www.skiresort.info/skiresort/chesterbowlpark/,380,0.6,0,0,10,0,0,3
chestnut-mountain,chestnutmountainresort,North America,USA,Illinois,http://www.skiresort.info/skiresort/chestnutmountain/,335,2,3,1,52,0,40,
china-peak,skichinapeak,North America,USA,California,http://www.skiresort.info/skiresort/chinapeak/,2654,20,17,13,79,54,34,
christie-mountain,christiemountain,North America,USA,Wisconsin,http://www.skiresort.info/skiresort/christiemountain/,510,2.8,1.5,0.7,37,0,32,
christmas-mountain,christmasmountain,North America,USA,Wisconsin,http://www.skiresort.info/skiresort/christmasmountain/,370,1.3,0.5,0.2,45,0,31,2.8
clear-fork,clearforkskiresort,North America,USA,Ohio,http://www.skiresort.info/skiresort/clearfork/,420,,,,0,0,0,
cloudcroft,skicloudcroft,North America,USA,New Mexico,http://www.skiresort.info/skiresort/cloudcroft/,2773,4,2,4,45,0,35,
cloudmont-ski-resort,cloudmontskiresort,North America,USA,Alabama,http://www.skiresort.info/skiresort/cloudmontskiresort/,548,0.6,0,0,30,0,25,
cochran-ski-area,cochranskiarea,North America,USA,Vermont,http://www.skiresort.info/skiresort/cochranskiarea/,280,0.6,0.5,0.1,25,0,20,
cockaigne-ski-area,cockaigneskiarea,North America,USA,New York,http://www.skiresort.info/skiresort/cockaigneskiarea/,619,,,,38,0,31,
coffee-mill-ski-area,coffeemillskiarea,North America,USA,Minnesota,http://www.skiresort.info/skiresort/coffeemillskiarea/,360,1,0.6,0.4,32,0,26,
cooper,skicooper,North America,USA,Colorado,http://www.skiresort.info/skiresort/cooper/,3566,8,10,8,52,0,32,2.5
cooper-spur,cooperspur,North America,USA,Oregon,http://www.skiresort.info/skiresort/cooperspur/,1325,4,4,2,32,0,28,3
copper-mountain,coppermountainresort,North America,USA,Colorado,http://www.skiresort.info/skiresort/coppermountain/,3767,30,40,56,150,0,85,3.7
coppervale,coppervale,North America,USA,California,http://www.skiresort.info/skiresort/coppervale/,1825,1,2,0,0,0,0,1.5
cottonwood-butte,cottonwoodbutte,North America,USA,Idaho,http://www.skiresort.info/skiresort/cottonwoodbutte/,1707,,,,20,0,0,
cranmore-mountain-resort,cranmoremountainresort,North America,USA,New Hampshire,http://www.skiresort.info/skiresort/cranmoremountainresort/,609,16,19,8,72,59,45,3.4
crescent-hills,crescenthills,North America,USA,Iowa,http://www.skiresort.info/skiresort/crescenthills/,457,0.8,0.8,0.4,39,0,35,
crested-butte,skicrestedbutte,North America,USA,Colorado,http://www.skiresort.info/skiresort/crestedbutte/,3707,27,69,25,115,104,63,3.7
crotched-mountain,crotchedmountain,North America,USA,New Hampshire,http://www.skiresort.info/skiresort/crotchedmountain/,630,2.5,4,1.5,64,0,54,3.4
crystal-mountain-mi,crystalmountainmi,North America,USA,Michigan,http://www.skiresort.info/skiresort/crystalmountainmi/,359,1.2,2.3,1.4,72,0,62,3.3
crystal-mountain-wa,crystalmountainwa,North America,USA,Washington State,http://www.skiresort.info/skiresort/crystalmountainwa/,2137,8,27,15,80,0,56,3.8
dartmouth-skiway,dartmouthskiway,North America,USA,New Hampshire,http://www.skiresort.info/skiresort/dartmouthskiway/,592,4,8,4,48,38,33,
deer-mountain,deermountain,North America,USA,South Dakota,http://www.skiresort.info/skiresort/deermountain/,2028,10,7,5,45,0,36,2.9
deer-valley,skideervalley,North America,USA,Utah,http://www.skiresort.info/skiresort/deervalley/,2917,27,41,32,135,135,84,4
denton-hill-state-park,dentonhillstatepark,North America,USA,Pennsylvania,http://www.skiresort.info/skiresort/dentonhillstatepark/,750,4,2,2,0,0,0,
detroit-mountain,detroitmountain,North America,USA,Minnesota,http://www.skiresort.info/skiresort/detroitmountain/,490,1,1,0,40,0,32,3
devils-head,devilsheadskiresort,North America,USA,Wisconsin,http://www.skiresort.info/skiresort/devilshead/,303,3,3.5,3.5,55,0,48,
diamond-peak,diamondpeak,North America,USA,Western United States,http://www.skiresort.info/skiresort/diamondpeak/,2602,6,14,10,79,64,39,3.4
diamond-peaks,diamondpeaks,North America,USA,Utah,http://www.skiresort.info/skiresort/diamondpeaks/,0,,,,0,0,0,
discovery-ski-area,discoveryskiarea,North America,USA,Montana,http://www.skiresort.info/skiresort/discoveryskiarea/,2484,12,12,21,46,0,24,3
dodge-ridge,dodgeridge,North America,USA,California,http://www.skiresort.info/skiresort/dodgeridge/,2499,10,20,20,72,59,24,
dollar-mountain-sun-valley,dollarmountainsunvalley,North America,USA,Idaho,http://www.skiresort.info/skiresort/dollarmountainsunvalley/,2023,7,2,0,120,0,58,3.7
donner-ski-area,donnerskiranch,North America,USA,Western United States,http://www.skiresort.info/skiresort/donnerskiarea/,2240,6,8,0,59,47,25,3
donner-ski-ranch,donnerskiranch,North America,USA,Western United States,http://www.skiresort.info/skiresort/donnerskiranch/,2371,13,26,13,69,59,29,3
dry-hill,dryhillskiarea,North America,USA,New York,http://www.skiresort.info/skiresort/dryhill/,293,0.7,1.2,0.5,40,0,35,
dynamite-hill-chestertown,dynamitehill,North America,USA,New York,http://www.skiresort.info/skiresort/dynamitehillchestertown/,281,0.2,0,0,0,0,0,1
eagle-island-park,eagleislandpark,North America,USA,Idaho,http://www.skiresort.info/skiresort/eagleislandpark/,781,0.1,0,0,20,0,20,1
eagle-point,eaglepoint,North America,USA,Utah,http://www.skiresort.info/skiresort/eaglepoint/,3230,6,9,5,65,0,50,3
eagle-rock,eaglerockskiresort,North America,USA,Pennsylvania,http://www.skiresort.info/skiresort/eaglerock/,550,,,,42,0,28,
eaglecrest-juneau,eaglecrestskiarea,North America,USA,Alaska,http://www.skiresort.info/skiresort/eaglecrestjuneau/,820,3.4,6.8,6.8,52,42,28,3
eaton-mountain,eatonmountain,North America,USA,Maine,http://www.skiresort.info/skiresort/eatonmountain/,140,1.5,0.5,0,15,0,0,
echo-mountain-park-idaho-springs,echomountainpark,North America,USA,Colorado,http://www.skiresort.info/skiresort/echomountainparkidahosprings/,3401,2,1,0,49,0,39,2.9
echo-valley-lake-chelan,echovalleylake,North America,USA,Washington State,http://www.skiresort.info/skiresort/echovalleylakechelan/,950,1,0.4,0.1,25,0,0,
eldora-mountain,eldoramountainresort,North America,USA,Colorado,http://www.skiresort.info/skiresort/eldoramountain/,3292,11,26,15,94,0,54,3.2
elk-mountain,elkmountainskiresort,North America,USA,Pennsylvania,http://www.skiresort.info/skiresort/elkmountain/,820,3,8,4,66,0,50,
elk-ridge-williams,elkridgewilliams,North America,USA,Arizona,http://www.skiresort.info/skiresort/elkridgewilliams/,2452,0.6,1.5,0.9,40,0,25,
elko-snobowl,elkosnobowl,North America,USA,Nevada,http://www.skiresort.info/skiresort/elkosnobowl/,2130,1.5,1.5,0,20,0,15,2.9
fairmont-hot-springs-fairmont,fairmonthotspringsfairmont,North America,USA,Montana,http://www.skiresort.info/skiresort/fairmonthotspringsfairmont/,0,,,,0,0,0,
ferguson-ridge,fergusonridge,North America,USA,Oregon,http://www.skiresort.info/skiresort/fergusonridge/,1780,2,2,1,20,0,10,
fort-wainwrightbirch-hill-fairbanks,fortwainwrightalaska,North America,USA,Alaska,http://www.skiresort.info/skiresort/fortwainwrightbirchhillfairbanks/,300,1.5,0.3,0,0,0,0,
four-lakes,fourlakes,North America,USA,Illinois,http://www.skiresort.info/skiresort/fourlakes/,220,1,0,0,28,0,0,
four-seasons,fourseasonsjimbaran11,North America,USA,New York,http://www.skiresort.info/skiresort/fourseasons/,185,0.4,0.1,0,24,0,18,
fox-hill,foxhill111,North America,USA,Wisconsin,http://www.skiresort.info/skiresort/foxhill/,385,0.5,0.3,0.2,0,0,0,
frost-fire-mountain,frostfiremountain,North America,USA,North Dakota,http://www.skiresort.info/skiresort/frostfiremountain/,440,0.7,0.6,0.2,40,0,30,
giants-ridge,giantsridge,North America,USA,Minnesota,http://www.skiresort.info/skiresort/giantsridge/,560,4,5,3,54,0,38,3.3
gladstone-sports-park,gladstonesportspark,North America,USA,Michigan,http://www.skiresort.info/skiresort/gladstonesportspark/,220,0.4,0.1,0,12,0,5,
gore-mountain,goremountain,North America,USA,New York,http://www.skiresort.info/skiresort/goremountain/,1097,6.7,28.2,23.3,83,65,46,3.6
granby-ranch,skigranbyranch,North America,USA,Colorado,http://www.skiresort.info/skiresort/granbyranch/,2804,6,10,4,74,0,44,3.5
grand-geneva,grandgenevaski,North America,USA,Wisconsin,http://www.skiresort.info/skiresort/grandgeneva/,304,1.2,0.4,0.2,53,0,41,
grand-targhee,grandtarghee,North America,USA,Wyoming,http://www.skiresort.info/skiresort/grandtarghee/,3048,5,15,15,90,0,42,3.8
granite-gorge,granitegorgeskiarea,North America,USA,New Hampshire,http://www.skiresort.info/skiresort/granitegorge/,404,3,2,1,49,0,42,2.9
granite-peak-at-rib-mountain-state-park,granitepeakatribmountainstatepark,North America,USA,Wisconsin,http://www.skiresort.info/skiresort/granitepeakatribmountainstatepark/,594,10,5,5,80,0,60,3.4
granlibakken,granlibakken,North America,USA,Western United States,http://www.skiresort.info/skiresort/granlibakken/,2015,1,1,0,35,0,25,1.4
great-bear-ski-area,greatbearskivalley,North America,USA,South Dakota,http://www.skiresort.info/skiresort/greatbearskiarea/,470,1.5,2,1,26,0,0,
great-divide,greatdivideski,North America,USA,Montana,http://www.skiresort.info/skiresort/greatdivide/,2210,10,20,20,40,30,20,3
greek-peak,spartangreekpeak,North America,USA,New York,http://www.skiresort.info/skiresort/greekpeak/,640,9,4,6,68,0,55,
gunstock,gunstockskiclub,North America,USA,New Hampshire,http://www.skiresort.info/skiresort/gunstock/,690,5,25,10,86,74,62,
h2o-guides,h2oguides,North America,USA,Alaska,http://www.skiresort.info/skiresort/h2oguides/,0,,,,0,0,0,
hanson-hills,hansonhills,North America,USA,Michigan,http://www.skiresort.info/skiresort/hansonhills/,390,0.8,0.2,0,30,0,0,
haystack-mountain-the-hermitage-club,haystackmountainthehermitageclub,North America,USA,Vermont,http://www.skiresort.info/skiresort/haystackmountainthehermitageclub/,975,5.6,9.5,4.2,0,0,0,3.7
heavenly,skiheavenly,North America,USA,Western United States,http://www.skiresort.info/skiresort/heavenly/,3060,18,42,34,152,125,90,4
heiliger-huegel-hubertus,heiligerhuegel,North America,USA,Wisconsin,http://www.skiresort.info/skiresort/heiligerhuegelhubertus/,391,0.6,0.4,0.2,25,0,0,2.7
hermon-mountain,hermonmountain,North America,USA,Maine,http://www.skiresort.info/skiresort/hermonmountain/,140,2,0.5,0.5,27,0,22,2.3
hesperus-ski-area,hesperusskiarea,North America,USA,Colorado,http://www.skiresort.info/skiresort/hesperusskiarea/,2706,3,5,2,39,33,28,2.8
hickory-ski-center,hickoryskicenter,North America,USA,New York,http://www.skiresort.info/skiresort/hickoryskicenter/,583,3,3,2,45,0,30,
hidden-valley-mo,hiddenvalleyski,North America,USA,Missouri,http://www.skiresort.info/skiresort/hiddenvalleymo/,240,1,2,1,48,0,30,2.9
hidden-valley-pa,hiddenvalleypa,North America,USA,Pennsylvania,http://www.skiresort.info/skiresort/hiddenvalleypa/,890,4,3,2,69,0,58,
hillberg-ski-area,hillbergskiarea,North America,USA,Alaska,http://www.skiresort.info/skiresort/hillbergskiarea/,120,0.9,0.3,0,20,0,0,
hilltop-anchorage,hilltopanchorage,North America,USA,Alaska,http://www.skiresort.info/skiresort/hilltopanchorage/,140,4,1,0,32,30,20,2.8
hogadon-ski-area,hogadonskiarea,North America,USA,Wyoming,http://www.skiresort.info/skiresort/hogadonskiarea/,2438,1.9,1.6,1.5,42,37,27,
holiday-mountain-ny,holidaymountain,North America,USA,New York,http://www.skiresort.info/skiresort/holidaymountainny/,440,1,2,1,42,0,0,
holiday-valley,holidayvalleyskiresort,North America,USA,New York,http://www.skiresort.info/skiresort/holidayvalley/,685,16,13,19,75,0,59,3.5
holimont,holimont,North America,USA,New York,http://www.skiresort.info/skiresort/holimont/,689,4,6,10,70,0,55,3.2
homewood-mountain-resort,homewoodmountainresort,North America,USA,Western United States,http://www.skiresort.info/skiresort/homewoodmountainresort/,2402,6,13,1,0,0,0,3.3
hoodoo-ski-area,hoodooskiarea,North America,USA,Oregon,http://www.skiresort.info/skiresort/hoodooskiarea/,1740,6,8,3,54,0,34,3
howelsen-hill-steamboat-springs,howelsenhillskiarea,North America,USA,Colorado,http://www.skiresort.info/skiresort/howelsenhillsteamboatsprings/,2175,1.7,1.5,0.8,25,0,15,2.5
huff-hills,huffhills,North America,USA,North Dakota,http://www.skiresort.info/skiresort/huffhills/,680,1.8,0.8,0.4,30,0,25,
hunt-hollow-ski-club,hunthollowskiclub,North America,USA,New York,http://www.skiresort.info/skiresort/hunthollowskiclub/,360,2,2,1,55,0,45,2.9
hunter-mountain,huntermountain,North America,USA,New York,http://www.skiresort.info/skiresort/huntermountain/,975,18,18,19,80,0,64,3.4
huntington,huntingtonskiclub,North America,USA,New York,http://www.skiresort.info/skiresort/huntington/,0,,,,0,0,0,
hurricane-ridge,hurricaneridgeskiingrules,North America,USA,Washington State,http://www.skiresort.info/skiresort/hurricaneridge/,1676,2,2,1,34,0,0,
hyland-ski-snowboard-area,hylandskisnowboardarea,North America,USA,Minnesota,http://www.skiresort.info/skiresort/hylandskisnowboardarea/,310,0.6,0.4,0.2,34.49,0,30.76,3
indian-lake,indianlake111,North America,USA,New York,http://www.skiresort.info/skiresort/indianlake/,599,0.6,0.3,0,0,0,0,1.5
indianhead-mountain,indianheadmountainskiing,North America,USA,Michigan,http://www.skiresort.info/skiresort/indianheadmountain/,554,2,3,5,65,0,52,
jack-frost-mountain,ackfrostmountain,North America,USA,Pennsylvania,http://www.skiresort.info/skiresort/jackfrostmountain/,610,6,5.5,0.5,58,0,45,
jackson-hole,skijacksonhole,North America,USA,Wyoming,http://www.skiresort.info/skiresort/jacksonhole/,3185,16,50,50,149,0,91,3.6
jay-peak,jaypeakresort,North America,USA,Vermont,http://www.skiresort.info/skiresort/jaypeak/,1175,15,31,30,82,0,64,3.2
jerrys-heliski-alaska,jerrysheliskialaska,North America,USA,Alaska,http://www.skiresort.info/skiresort/jerrysheliskialaska/,0,,,,0,0,0,
jiminy-peak,jiminypeakresort,North America,USA,Massachusetts,http://www.skiresort.info/skiresort/jiminypeak/,725,4.1,2,3,81,70,61,
june-mountain,junemountain,North America,USA,California,http://www.skiresort.info/skiresort/junemountain/,3075,2.1,12.9,20.7,109,89,0,3.6
kelly-canyon,kellycanyon,North America,USA,Idaho,http://www.skiresort.info/skiresort/kellycanyon/,2030,4,5,3,40,0,32,3
kendall-mountain-silverton,kendallmountain,North America,USA,Colorado,http://www.skiresort.info/skiresort/kendallmountainsilverton/,3000,1,0.5,0.2,20,0,15,3
kettlebowl,kettlebowl111,North America,USA,Wisconsin,http://www.skiresort.info/skiresort/kettlebowl/,542,0.3,1.1,0,5,3,2,1
keyes-peak-florence,keyespeakflorence,North America,USA,Wisconsin,http://www.skiresort.info/skiresort/keyespeakflorence/,450,0.5,0,0,12,0,8,
keystone,keystoneski,North America,USA,Colorado,http://www.skiresort.info/skiresort/keystone/,3651,25,65,45,159,0,92,4
killington,killington,North America,USA,Vermont,http://www.skiresort.info/skiresort/killington/,1285,37.4,43,46,115,0,89,3.7
king-pine-purity-spring-resort,kingpine,North America,USA,New Hampshire,http://www.skiresort.info/skiresort/kingpinepurityspringresort/,240,2.8,1.5,1,55,0,38,2.9
kirkwood,kirkwooddeep,North America,USA,Western United States,http://www.skiresort.info/skiresort/kirkwood/,2987,15,30,20,119,107,87,3.2
kissing-bridge,kissingbridgeskiresort,North America,USA,New York,http://www.skiresort.info/skiresort/kissingbridge/,520,4.5,4.8,8.5,60,0,50,3
labrador-mountain,labradormountainski,North America,USA,New York,http://www.skiresort.info/skiresort/labradormountain/,570,6,6,5,53,0,43,2.9
lake-city-ski-hill,lakecityskihill,North America,USA,Colorado,http://www.skiresort.info/skiresort/lakecityskihill/,2771,0.7,0.3,0,15,0,7,1.5
las-vegas-ski-and-snowboard-resort-lee-canyon,asvegasskiandsnowboard,North America,USA,Nevada,http://www.skiresort.info/skiresort/lasvegasskiandsnowboardresortleecanyon/,2856,0.3,5,2,70,0,60,2.8
las-vegas-wet-planned,lasvegaswetplanned,North America,USA,Nevada,http://www.skiresort.info/skiresort/lasvegaswetplanned/,0,,,,0,0,0,
laurel-mountain,laurelmountainskiresort,North America,USA,Pennsylvania,http://www.skiresort.info/skiresort/laurelmountain/,837,4,3,1,53,0,43,2.9
leavenworth-ski-hill,skileavenworth,North America,USA,Washington State,http://www.skiresort.info/skiresort/leavenworthskihill/,520,1,0,0,18,0,14,1
liberty-mountain,skilibertymountain,North America,USA,Pennsylvania,http://www.skiresort.info/skiresort/libertymountain/,355,3,4,2,76,0,64,3
little-ski-hill,littleskihill,North America,USA,Idaho,http://www.skiresort.info/skiresort/littleskihill/,1700,1.4,0,0,15,0,12,
little-switzerland-ski-resort,littleswitzerlandskiresort,North America,USA,Wisconsin,http://www.skiresort.info/skiresort/littleswitzerlandskiresort/,380,1.1,1.3,0.6,44,0,32,2.6
living-memorial-park-brattleboro,livingmemorialpark,North America,USA,Vermont,http://www.skiresort.info/skiresort/livingmemorialparkbrattleboro/,189,0.5,0,0,5,0,0,1.5
lonesome-pine-trails-fort-kent,lonesomepinetrails,North America,USA,Maine,http://www.skiresort.info/skiresort/lonesomepinetrailsfortkent/,299,1,1.6,2,20,0,17,1.4
lookout-pass,lookoutpass,North America,USA,Idaho,http://www.skiresort.info/skiresort/lookoutpass/,1675,8,14,9,44,0,32,3
loon-mountain,loonmountain,North America,USA,New Hampshire,http://www.skiresort.info/skiresort/loonmountain/,930,13,26,6,95,83,71,3.8
lost-trail-powder-mountain,losttrailpowdermountain,North America,USA,Montana,http://www.skiresort.info/skiresort/losttrailpowdermountain/,2550,15,25,10,42,0,32,3
lost-valley,lostvalleyskiarea,North America,USA,Maine,http://www.skiresort.info/skiresort/lostvalley/,166,1,0.5,0.5,45,0,40,3
loup-loup-ski-bowl,louploupskibowl,North America,USA,Washington State,http://www.skiresort.info/skiresort/louploupskibowl/,1620,3,5,3,48,37,27,2.8
loveland,louploupskibowl,North America,USA,Colorado,http://www.skiresort.info/skiresort/loveland/,3871,12,38,43,75,0,32,3
lutsen-mountains,lutsenmountains,North America,USA,Minnesota,http://www.skiresort.info/skiresort/lutsenmountains/,503,8,19,13,82,0,67,3.6
lyndon-outing-club,lyndonoutingclub,North America,USA,Vermont,http://www.skiresort.info/skiresort/lyndonoutingclub/,380,1.5,1,0.1,15,0,10,1.4
lynx-creek,lynxcreek111,North America,USA,New Hampshire,http://www.skiresort.info/skiresort/lynxcreek/,0,,,,0,0,0,
mad-river-glen,madriverglenskiitifyoucan,North America,USA,Vermont,http://www.skiresort.info/skiresort/madriverglen/,1108,14,17,15,82,0,68,3
mad-river-mountain,madrivermountain,North America,USA,Ohio,http://www.skiresort.info/skiresort/madrivermountain/,445,3,2,1.3,45,0,35,2.9
magic-mountain,magicmountainskiresort,North America,USA,Vermont,http://www.skiresort.info/skiresort/magicmountain/,868,7,7,9,67,59,48,3
magic-mountain-resort,magicmountainresort,North America,USA,Idaho,http://www.skiresort.info/skiresort/magicmountainresort/,2207,3.5,3,4,31,0,22,
mammoth-mountain,mammothmountain,North America,USA,California,http://www.skiresort.info/skiresort/mammothmountain/,3369,18.4,48.5,22.9,159,130,64,4
maple-ski-ridge,mapleskiridge,North America,USA,New York,http://www.skiresort.info/skiresort/mapleskiridge/,250,0.3,0.8,0.3,0,0,0,
marquette-mountain,marquettemountain,North America,USA,Michigan,http://www.skiresort.info/skiresort/marquettemountain/,390,1.5,5,3.5,46,0,41,3
massanutten,massanutten,North America,USA,Virginia,http://www.skiresort.info/skiresort/massanutten/,871,2,3.5,2.5,70,0,60,2.9
maverick-mountain,mammothmountainskipatrol,North America,USA,Montana,http://www.skiresort.info/skiresort/maverickmountain/,2596,6,8,6,36,0,22,3
mccauly-mountain,mccaulymountain,North America,USA,New York,http://www.skiresort.info/skiresort/mccaulymountain/,700,3,4,2,30,0,25,2.4
mcintyre,mcintyreski,North America,USA,New Hampshire,http://www.skiresort.info/skiresort/mcintyre/,155,2.5,0.5,0,36,0,32,3
meadowlark-ski-lodge,meadowlarkskilodge,North America,USA,Wyoming,http://www.skiresort.info/skiresort/meadowlarkskilodge/,2828,3,4,3,45,38,27,3
meany-lodge,meanylodge,North America,USA,Washington State,http://www.skiresort.info/skiresort/meanylodge/,1027,1,1,0,0,0,0,
middlebury-college-snow-bowl,middleburycollegesnowbowl,North America,USA,Vermont,http://www.skiresort.info/skiresort/middleburycollegesnowbowl/,810,5,4,6,55,45,15,3
missaukee-mountain,missaukeemountain,North America,USA,Michigan,http://www.skiresort.info/skiresort/missaukeemountain/,0,,,,0,0,0,
mohawk-mountain,mohawkmountain,North America,USA,Connecticut,http://www.skiresort.info/skiresort/mohawkmountain/,454,3,2,3,60,0,52,3
monarch,skimonarch,North America,USA,Colorado,http://www.skiresort.info/skiresort/monarch/,3630,5,14,12,74,45,30,3
mont-du-lac,montdulac,North America,USA,Wisconsin,http://www.skiresort.info/skiresort/montdulac/,280,0.5,1.4,2,39.99,0,24.99,
mont-ripley,montripley,North America,USA,Michigan,http://www.skiresort.info/skiresort/montripley/,330,2,2.2,2.7,45,0,40,2.7
montage-mountain-resort,montagemountainresort,North America,USA,Pennsylvania,http://www.skiresort.info/skiresort/montagemountainresort/,594,2,4,3.5,62,0,49,3
montana-snowbowl,montanasnowbowl,North America,USA,Montana,http://www.skiresort.info/skiresort/montanasnowbowl/,2316,5,12,14,47,44,20,2.9
moose-mountain,moosemountain,North America,USA,Alaska,http://www.skiresort.info/skiresort/moosemountain/,595,3,12,10,39,34,29,1
mott-mountain,mottmountainmoon,North America,USA,Michigan,http://www.skiresort.info/skiresort/mottmountain/,0,,,,0,0,0,
mount-greylock-south-williamstown,mountgreylocksouthwilliamstown,North America,USA,Massachusetts,http://www.skiresort.info/skiresort/mountgreylocksouthwilliamstown/,481,1.2,3,0.6,0,0,0,1
mount-pleasant,mountpleasant,North America,USA,Pennsylvania,http://www.skiresort.info/skiresort/mountpleasant/,450,2,2,1,38,0,33,2.8
mount-prospect-lancaster,mountprospectlancaster,North America,USA,New Hampshire,http://www.skiresort.info/skiresort/mountprospectlancaster/,520,0.5,0.3,0,7,0,5,1
mount-ski-gull,mountskigull,North America,USA,Minnesota,http://www.skiresort.info/skiresort/mountskigull/,443,0.7,0.7,0.7,31,0,24,2.5
mount-snow,mountsnow,North America,USA,Vermont,http://www.skiresort.info/skiresort/mountsnow/,1095,6,46,8,95,0,75,3.7
mountain-creek-vernon,mountaincreekvernon,North America,USA,New Jersey,http://www.skiresort.info/skiresort/mountaincreekvernon/,451,4,14,6,69,0,53.99,3.4
mountain-high-east,mountainhigheast,North America,USA,California,http://www.skiresort.info/skiresort/mountainhigheast/,2496,2,5,4,74,0,35,3.9
mountain-high-north,mountainhighnorth,North America,USA,California,http://www.skiresort.info/skiresort/mountainhighnorth/,2287,2,3,0,74,0,35,3
mountain-high-west,mountainhighwest,North America,USA,California,http://www.skiresort.info/skiresort/mountainhighwest/,2410,3,5,7,74,0,35,3.4
mt-abram,mtabram,North America,USA,Maine,http://www.skiresort.info/skiresort/mtabram/,610,3.5,7,4,59,0,49,
mt-ashland,mtashland,North America,USA,Oregon,http://www.skiresort.info/skiresort/mtashland/,2286,1,7,5,46,0,36,3
mt-ashwabay-salmo,mtashwabay,North America,USA,Wisconsin,http://www.skiresort.info/skiresort/mtashwabaysalmo/,389,1.5,1.2,1.3,24,0,18,2.7
mt-bachelor,mtbachelorskiresort,North America,USA,Oregon,http://www.skiresort.info/skiresort/mtbachelor/,2763,15,25,60,96,78,54,4
mt-bailey,mtbailey,North America,USA,Oregon,http://www.skiresort.info/skiresort/mtbailey/,0,,,,350,0,0,
mt-baker,mtbakerskiarea,North America,USA,Washington State,http://www.skiresort.info/skiresort/mtbaker/,1525,24,45,31,62,40,30,3
mt-baldy,mtbaldyskilifts,North America,USA,California,http://www.skiresort.info/skiresort/mtbaldy/,2620,3,6,11,69,49,39,3
mt-bohemia,mtbohemia,North America,USA,Michigan,http://www.skiresort.info/skiresort/mtbohemia/,445,0,3,10,59,0,0,3
mt-brighton,mtbrighton,North America,USA,Michigan,http://www.skiresort.info/skiresort/mtbrighton/,340,1,3.5,1.7,63,0,0,2.7
mt-eustis-littleton,mteustis,North America,USA,New Hampshire,http://www.skiresort.info/skiresort/mteustislittleton/,0,,,,0,0,0,
mt-eyak,mteyak,North America,USA,Alaska,http://www.skiresort.info/skiresort/mteyak/,366,1,2,2,30,0,20,3
mt-holiday,mtholiday,North America,USA,Michigan,http://www.skiresort.info/skiresort/mtholiday/,274,1,2,1.5,32,0,26,2.6
mt-holly,mtholly,North America,USA,Michigan,http://www.skiresort.info/skiresort/mtholly/,380,1,2.5,3.5,43,0,0,
mt-hood-meadows,mthoodmeadows,North America,USA,Oregon,http://www.skiresort.info/skiresort/mthoodmeadows/,2225,13.5,45,31.5,82,0,49,3.9
mt-hood-skibowl,mthoodskibowl,North America,USA,Oregon,http://www.skiresort.info/skiresort/mthoodskibowl/,1510,15,15,35,53,0,32,2.9
mt-jefferson,mtjeffersonskiarea,North America,USA,Maine,http://www.skiresort.info/skiresort/mtjefferson/,230,3,4,2.5,20,0,15,1.4
mt-kato,mtkato,North America,USA,Minnesota,http://www.skiresort.info/skiresort/mtkato/,313,2.5,4.5,5,41,0,33,2.9
mt-la-crosse,mtlacrosse,North America,USA,Wisconsin,http://www.skiresort.info/skiresort/mtlacrosse/,372,1.5,3,2.5,51,0,48,2.9
mt-lemmon-ski-valley,mtlemmonskivalley,North America,USA,Arizona,http://www.skiresort.info/skiresort/mtlemmonskivalley/,2750,2.5,4,2,40,0,20,3
mt-mc-sauba,mtmcsauba,North America,USA,Michigan,http://www.skiresort.info/skiresort/mtmcsauba/,0,,,,0,0,0,
mt-peter,mtpeter,North America,USA,New York,http://www.skiresort.info/skiresort/mtpeter/,330,1,2,0.8,49,0,42,2.9
mt-pisgah,mtpisgahsummit,North America,USA,New York,http://www.skiresort.info/skiresort/mtpisgah/,627,1,0,0,20,0,0,1.5
mt-rose,mtrose,North America,USA,Western United States,http://www.skiresort.info/skiresort/mtrose/,2957,20,30,50,125,0,75,3.5
mt-shasta-ski-park,mtshastaskipark,North America,USA,California,http://www.skiresort.info/skiresort/mtshastaskipark/,2100,5,8,10,58,0,32,3
mt-southington,mtsouthington,North America,USA,Connecticut,http://www.skiresort.info/skiresort/mtsouthington/,173,2,3,0.8,58,0,48,3
mt-spokane,mtspokane,North America,USA,Washington State,http://www.skiresort.info/skiresort/mtspokane/,1795,7,5,14,55,0,45,3
mt-sunapee,mtsunapee,North America,USA,New Hampshire,http://www.skiresort.info/skiresort/mtsunapee/,828,8,16,6,84,67,57,3.6
mt-waterman,mtwaterman,North America,USA,California,http://www.skiresort.info/skiresort/mtwaterman/,2440,2,2,6,50,40,20,3
mt-zion-hill,mtzionhill,North America,USA,Michigan,http://www.skiresort.info/skiresort/mtzionhill/,0,,,,0,0,0,
mulligans-hollow-ski-bowl,mulliganshollowskibowl,North America,USA,Michigan,http://www.skiresort.info/skiresort/mulliganshollowskibowl/,233,1,1,1,16,0,0,
mystic-mountain-farmington,mysticmountainfarmington,North America,USA,Pennsylvania,http://www.skiresort.info/skiresort/mysticmountainfarmington/,619,2.3,1,0.6,43,0,35,2.9
nashoba-valley,nashobavalley,North America,USA,Massachusetts,http://www.skiresort.info/skiresort/nashobavalley/,128,1,3,1.8,55,0,0,2.9
navarino-hills,navarinohills,North America,USA,Wisconsin,http://www.skiresort.info/skiresort/navarinohills/,270,0.5,0.3,0,27,0,10,2.4
nor-ski-runs-decorah,norskirunsdecorah111,North America,USA,Iowa,http://www.skiresort.info/skiresort/norskirunsdecorah/,0,,,,0,0,0,
nordic-mountain,nordicmountain,North America,USA,Wisconsin,http://www.skiresort.info/skiresort/nordicmountain/,346,2,3,1.5,44,0,30,2.6
nordic-valley,nordicvalley,North America,USA,Utah,http://www.skiresort.info/skiresort/nordicvalley/,1930,2.5,4,3,45,0,35,3
north-bicentennial-park,northbicentennialpark,North America,USA,Alaska,http://www.skiresort.info/skiresort/northbicentennialpark/,0,,,,0,0,0,
north-cascade-heliskiing-mazama,northcascadeheliskiingmazama,North America,USA,Washington State,http://www.skiresort.info/skiresort/northcascadeheliskiingmazama/,2700,,,,0,0,0,1
northeast-slopes-east-corinth,northeastslopes,North America,USA,Vermont,http://www.skiresort.info/skiresort/northeastslopeseastcorinth/,355,1.2,1,0,15,0,0,1.2
northstar-california-resort,northstarcaliforniaresort,North America,USA,Western United States,http://www.skiresort.info/skiresort/northstarcaliforniaresort/,2624,25,45,27,152,125,90,4.1
norway-mountain,norwaymountain,North America,USA,Michigan,http://www.skiresort.info/skiresort/norwaymountain/,406,2.5,3.5,2,45,37,25,2.8
nubs-nob-ski-area,nubsnobski,North America,USA,Michigan,http://www.skiresort.info/skiresort/nubsnobskiarea/,403,6.2,9,3.7,80,68,57,3
nutt-hill-plymouth,nutthillplymouth,North America,USA,Wisconsin,http://www.skiresort.info/skiresort/nutthillplymouth/,309,0.2,0,0,0,0,0,1
oak-mountain,oakmountainskiresort,North America,USA,New York,http://www.skiresort.info/skiresort/oakmountain/,740,6,4,2,38,0,27,2.8
ober-gatlinburg,obergatlinburgskiresort,North America,USA,Tennessee,http://www.skiresort.info/skiresort/obergatlinburg/,1006,0.5,2,0.5,65,0,55,
oglebay-resort,oglebayskilodge,North America,USA,West Virginia,http://www.skiresort.info/skiresort/oglebayresort/,0,1,0,0,26,0,21,3
okemo,okemo,North America,USA,Vermont,http://www.skiresort.info/skiresort/okemo/,1019,22,26,22,110,97,84,3.7
otis-ridge,otisridge,North America,USA,Massachusetts,http://www.skiresort.info/skiresort/otisridge/,480,1.2,1.5,1,40,35,15,2.5
otsego-gaylord,otsegogaylord,North America,USA,Michigan,http://www.skiresort.info/skiresort/otsegogaylord/,422,3,2,2,65,55,50,3
pajarito-mountain,pajaritomountain,North America,USA,New Mexico,http://www.skiresort.info/skiresort/pajaritomountain/,3190,8,12,6,49,42,34,
pando-park,pandopark,North America,USA,Michigan,http://www.skiresort.info/skiresort/pandopark/,300,1,0.3,0,22,0,19,
paoli-peaks,paolipeaks,North America,USA,Indiana,http://www.skiresort.info/skiresort/paolipeaks/,251,2.6,3,1,42,0,36,3
park-city,parkcity,North America,USA,Utah,http://www.skiresort.info/skiresort/parkcity/,3049,27,152,71,145,0,93,3.9
pats-peak,patspeak,North America,USA,New Hampshire,http://www.skiresort.info/skiresort/patspeak/,426,10,8,15,66,0,56,2.9
paul-bunyan-ski-hill,paulbunyanskihill,North America,USA,Wisconsin,http://www.skiresort.info/skiresort/paulbunyanskihill/,0,,,,0,0,0,
pebble-creek,pebblecreekskiarea,North America,USA,Idaho,http://www.skiresort.info/skiresort/pebblecreek/,2609,6,9,4,43,0,29,3
peekn-peak,peeknpeak,North America,USA,New York,http://www.skiresort.info/skiresort/peeknpeak/,535,4,8,3,59,0,46,
perfect-north-slopes,perfectnorthslopes,North America,USA,Indiana,http://www.skiresort.info/skiresort/perfectnorthslopes/,244,3,1,1,0,0,0,
petoskey-winter-sports-park,petoskeyskiteam,North America,USA,Michigan,http://www.skiresort.info/skiresort/petoskeywintersportspark/,241,0.2,0,0,0,0,0,
pico-mountain,picomountain,North America,USA,Vermont,http://www.skiresort.info/skiresort/picomountain/,1209,6.8,15,8.6,74,0,57,3.8
pine-creek,pinecreekskiresort,North America,USA,Wyoming,http://www.skiresort.info/skiresort/pinecreek/,2508,4,7,5,43,0,38,3
pine-knob,pineknob,North America,USA,Michigan,http://www.skiresort.info/skiresort/pineknob/,392,1,2.5,1.5,56,0,0,2.8
pine-mountain,pinemountain,North America,USA,Michigan,http://www.skiresort.info/skiresort/pinemountain/,461,2.5,5.5,1.5,45,37,25,2.9
pinnacle-park-pittsfield,pinnacleparkpittsfield,North America,USA,Maine,http://www.skiresort.info/skiresort/pinnacleparkpittsfield/,96,0.3,0.2,0.2,0,0,0,1
plattekill,plattekill,North America,USA,New York,http://www.skiresort.info/skiresort/plattekill/,1014,4.5,6,6,61,50,48,2.9
plumas-eureka-ski-bowl,plumaseurekaskibowl,North America,USA,California,http://www.skiresort.info/skiresort/plumaseurekaskibowl/,1874,1,0.2,0.1,0,0,0,
plumtree-ski-hill-fawnridge,plumtreeskihillfawnridge,North America,USA,Illinois,http://www.skiresort.info/skiresort/plumtreeskihillfawnridge/,0,,,,0,0,0,
points-north-heli-adventures,pointsnorthheliadventures,North America,USA,Alaska,http://www.skiresort.info/skiresort/pointsnorthheliadventures/,0,,,,0,0,0,
polar-peak,polarpeak,North America,USA,New York,http://www.skiresort.info/skiresort/polarpeak/,196,1,0.5,0.4,0,0,0,1
pomerelle,pomerelle,North America,USA,Idaho,http://www.skiresort.info/skiresort/pomerelle/,2640,4,7,4,38,0,29,3
porcupine-mountain,porcupinemountain,North America,USA,Michigan,http://www.skiresort.info/skiresort/porcupinemountain/,415,3.2,3.5,3,39,0,30,
potawatomi-park,potawatomistatepark,North America,USA,Wisconsin,http://www.skiresort.info/skiresort/potawatomipark/,0,,,,0,0,0,
powder-mountain,powdermountain,North America,USA,Utah,http://www.skiresort.info/skiresort/powdermountain/,2712,30,50,55,85,0,47,3.2
powder-ridge,powderridge,North America,USA,Minnesota,http://www.skiresort.info/skiresort/powderridge/,432,2,1.5,0.5,48,0,0,2.8
powder-ridge-mountain-park-resort,powderridgemountainparkresort,North America,USA,Connecticut,http://www.skiresort.info/skiresort/powderridgemountainparkresort/,245,2.5,2,1,55,0,44,3
powderbird,powderbird,North America,USA,Utah,http://www.skiresort.info/skiresort/powderbird/,0,,,,0,0,0,
powderhorn,powderhornskiresort,North America,USA,Colorado,http://www.skiresort.info/skiresort/powderhorn/,3000,5,15,18,71,60,35,3.6
powderhouse-hill-south-berwick,powderhousehill,North America,USA,Maine,http://www.skiresort.info/skiresort/powderhousehillsouthberwick/,80,0.5,0,0,5,0,0,1
powers-bluff,powersbluff,North America,USA,Wisconsin,http://www.skiresort.info/skiresort/powersbluff/,436,1,0,0,8,0,0,1
purgatory-durango,purgatorydurango,North America,USA,Colorado,http://www.skiresort.info/skiresort/purgatorydurango/,3299,15,40,30,89,70,55,3.6
quadna-mountain,quadnamountainpark,North America,USA,Minnesota,http://www.skiresort.info/skiresort/quadnamountain/,0,,,,0,0,0,
quechee-lakes-ski-area,quecheelakesskiarea,North America,USA,Vermont,http://www.skiresort.info/skiresort/quecheelakesskiarea/,380,2,2.5,0.5,36,0,32,2.8
quoggy-jo-ski-center-presque-isle,quoggyjo,North America,USA,Maine,http://www.skiresort.info/skiresort/quoggyjoskicenterpresqueisle/,275,0.8,0,0,8,0,0,1.5
ragged-mountain,raggedmountain,North America,USA,New Hampshire,http://www.skiresort.info/skiresort/raggedmountain/,680,4.5,10,8,79,65,55,3.9
raging-buffalo-algonquin,ragingbuffalo,North America,USA,Illinois,http://www.skiresort.info/skiresort/ragingbuffaloalgonquin/,260,0.3,0.2,0,45,0,0,1
ravenswood,ravenswood,North America,USA,Alaska,http://www.skiresort.info/skiresort/ravenswood/,0,,,,0,0,0,
red-hill-moultonborough,redhillmountain,North America,USA,New Hampshire,http://www.skiresort.info/skiresort/redhillmoultonborough/,260,0.4,0.4,0.2,0,0,0,1
red-lodge-mountain,redlodgemountain,North America,USA,Montana,http://www.skiresort.info/skiresort/redlodgemountain/,2870,11,30,24,53,42,22,3.4
red-river,redriverski,North America,USA,New Mexico,http://www.skiresort.info/skiresort/redriver/,3135,7,6,7,73,67,57,3
riverside-hills,riversidehills111,North America,USA,Iowa,http://www.skiresort.info/skiresort/riversidehills/,0,,,,0,0,0,
riverview-highlands,riverviewhighlands111,North America,USA,Michigan,http://www.skiresort.info/skiresort/riverviewhighlands/,0,,,,0,0,0,
rocking-horse-ranch,rockinghorseranch111,North America,USA,New York,http://www.skiresort.info/skiresort/rockinghorseranch/,214,0.3,0,0,0,0,0,1
rotarun,rotarunskiarea,North America,USA,Idaho,http://www.skiresort.info/skiresort/rotarun/,1790,1,2,1.5,20,0,10,1.5
roundtop,roundtopskiresort,North America,USA,Pennsylvania,http://www.skiresort.info/skiresort/roundtop/,410,1.5,3,3,68,0,56,3
royal-mountain,royalmountainskiarea,North America,USA,New York,http://www.skiresort.info/skiresort/royalmountain/,533,2.5,3,2,40,0,30,3
ruby-mountain,rubymountain,North America,USA,Nevada,http://www.skiresort.info/skiresort/rubymountain/,3350,,,,0,0,0,
saddleback,saddleback111,North America,USA,Maine,http://www.skiresort.info/skiresort/saddleback/,1220,4,8,10,69,0,59,2.9
sahalie-ski-club,sahalieskiclub111,North America,USA,Washington State,http://www.skiresort.info/skiresort/sahalieskiclub/,966,1,0.5,0,0,0,0,
sand-master-park-florence,sandmasterparkflorence,North America,USA,Oregon,http://www.skiresort.info/skiresort/sandmasterparkflorence/,40,0,0,0.1,25,0,0,1
sandia-peak,sandiapeakskiarea,North America,USA,New Mexico,http://www.skiresort.info/skiresort/sandiapeak/,3140,8,20,3,55,45,40,2.8
santa-fe,santafeski,North America,USA,New Mexico,http://www.skiresort.info/skiresort/santafe/,3679,9,15,10,75,60,52,3
sapphire-valley,sapphirevalleyskiresort,North America,USA,North Carolina,http://www.skiresort.info/skiresort/sapphirevalley/,1005,0.5,0,0,40,0,23,3
sawkill-ski,sawkillski,North America,USA,New York,http://www.skiresort.info/skiresort/sawkillski/,0,,,,40,0,33,
sawmill-mountain-resort,sawmillmountain,North America,USA,Pennsylvania,http://www.skiresort.info/skiresort/sawmillmountainresort/,620,0.9,2.5,1,37,0,30,2.6
schweitzer-mountain-resort,schweitzermountainresort,North America,USA,Idaho,http://www.skiresort.info/skiresort/schweitzermountainresort/,1950,20,40,35,79,0,50,3.6
scotch-valley-resort,scotchvalleyskiresort,North America,USA,New York,http://www.skiresort.info/skiresort/scotchvalleyresort/,0,,,,0,0,0,
seacoast-snow-park,seacoastsnowpark,North America,USA,Maine,http://www.skiresort.info/skiresort/seacoastsnowpark/,0,,,,0,0,0,
seven-oaks,sevenoaks1,North America,USA,Iowa,http://www.skiresort.info/skiresort/sevenoaks/,330,1.5,2,0.5,36,0,27,3
seven-springs,sevensprings,North America,USA,Pennsylvania,http://www.skiresort.info/skiresort/sevensprings/,915,6,7,4,87,0,67,3.3
shanty-creek-resorts-schuss-mountain,shantycreekresorts,North America,USA,Michigan,http://www.skiresort.info/skiresort/shantycreekresortsschussmountain/,356,5,4,3,69,59,54,3
shanty-creek-resorts-summit-mountain,shantycreekresorts,North America,USA,Michigan,http://www.skiresort.info/skiresort/shantycreekresortssummitmountain/,300,0.8,2.5,0.7,69,59,54,3
shawnee-mountain,shawneemountain,North America,USA,Pennsylvania,http://www.skiresort.info/skiresort/shawneemountain/,350,4,9,5,62,0,45,3.2
shawnee-peak,shawneepeakme,North America,USA,Maine,http://www.skiresort.info/skiresort/shawneepeak/,550,4,12,7,65,0,50,3
showdown,showdownskiarea,North America,USA,Montana,http://www.skiresort.info/skiresort/showdown/,2500,6,8,6,45,40,25,3
shu-maker-mountain-little-falls,shumakermountain,North America,USA,New York,http://www.skiresort.info/skiresort/shumakermountainlittlefalls/,0,,,,0,0,0,
sierra-at-tahoe,sierraattahoeskiresort,North America,USA,Western United States,http://www.skiresort.info/skiresort/sierraattahoe/,2698,12,23,11.5,104,94,43,3
sierra-summit,sierrasummit,North America,USA,California,http://www.skiresort.info/skiresort/sierrasummit/,0,,,,0,0,0,
silver-mountain,silvermountain,North America,USA,Idaho,http://www.skiresort.info/skiresort/silvermountain/,1920,4,8,13,60,0,45,3.8
silver-ridge,silverridge1,North America,USA,Michigan,http://www.skiresort.info/skiresort/silverridge/,0,,,,0,0,0,
silverton-mountain,silvertonmountain,North America,USA,Colorado,http://www.skiresort.info/skiresort/silvertonmountain/,3790,,,,59,0,0,
sipapu,sipapu,North America,USA,New Mexico,http://www.skiresort.info/skiresort/sipapu/,2825,3,7,8,45,39,29,2.8
sitzmark,sitzmark,North America,USA,Washington State,http://www.skiresort.info/skiresort/sitzmark/,1485,2,3,2.5,35,28,22,2.8
ski-brule,skibrule,North America,USA,Michigan,http://www.skiresort.info/skiresort/skibrule/,565,2,4,1.5,49,0,43,2.7
skiland-mt-aurora,skilandmtaurora,North America,USA,Alaska,http://www.skiresort.info/skiresort/skilandmtaurora/,745,4,9,4,35,0,20,3
sky-tavern,skytavern,North America,USA,Nevada,http://www.skiresort.info/skiresort/skytavern/,2517,,,,0,0,0,
skyline-friendship,skylinefriendship,North America,USA,Wisconsin,http://www.skiresort.info/skiresort/skylinefriendship/,392,1,0.4,0.3,0,0,0,1.4
sleeping-giant,sleepinggiantskiresort,North America,USA,Wyoming,http://www.skiresort.info/skiresort/sleepinggiant/,2265,3,8,6,34,26,16,2.7
sleepy-hollow-sports-park-des-moines,sleepyhollowsportsparkdesmoines,North America,USA,Iowa,http://www.skiresort.info/skiresort/sleepyhollowsportsparkdesmoines/,286,0.5,0.4,0.3,0,0,0,2.8
smugglers-notch,smugglersnotch,North America,USA,Vermont,http://www.skiresort.info/skiresort/smugglersnotch/,1112,13,41,24,80,0,64,3
snoebahn-centennial,snoebahncentennial,North America,USA,Colorado,http://www.skiresort.info/skiresort/snoebahncentennial/,1710,0.1,0,0,40,0,35,
snow-creek,snowcreekskiresort,North America,USA,Missouri,http://www.skiresort.info/skiresort/snowcreek/,335,1.3,1.8,0.1,44,0,29,2.9
snow-hill-at-eastman,snowhillathome,North America,USA,New Hampshire,http://www.skiresort.info/skiresort/snowhillateastman/,420,0.5,0.5,0,0,0,0,
snow-king-mountain-jackson,snowkingmountain,North America,USA,Wyoming,http://www.skiresort.info/skiresort/snowkingmountainjackson/,2380,3,2.5,3.5,55,0,35,3
snow-ridge,snowridge,North America,USA,New York,http://www.skiresort.info/skiresort/snowridge/,540,2,3,5,39,0,30,
snow-snake,snowsnake,North America,USA,Michigan,http://www.skiresort.info/skiresort/snowsnake/,365,1,1.5,0.5,32,0,0,2.4
snow-summit-big-bear-lake,snowsummitbigbear,North America,USA,California,http://www.skiresort.info/skiresort/snowsummitbigbearlake/,2500,10,12,7,89,73,36,3.4
snow-trails,snowtrails,North America,USA,Ohio,http://www.skiresort.info/skiresort/snowtrails/,440,1.5,2.8,1,49,0,39,3
snow-valley,snowvalley,North America,USA,California,http://www.skiresort.info/skiresort/snowvalley/,2390,4,20,10,79,69,35,3.3
snowbasin,snowbasinskipatrol,North America,USA,Utah,http://www.skiresort.info/skiresort/snowbasin/,2850,5,28,15,99,0,55,3.9
snowbird,snowbird,North America,USA,Utah,http://www.skiresort.info/skiresort/snowbird/,3353,27,38,38,129,0,61,3.7
snowhaven,snowhaven,North America,USA,Idaho,http://www.skiresort.info/skiresort/snowhaven/,1730,1.5,0.5,0,25,0,0,
snowmass,snowmassski,North America,USA,Colorado,http://www.skiresort.info/skiresort/snowmass/,3813,14.2,111,111,169,0,112,4
snowshoe-mountain,snowshoemountain,North America,USA,West Virginia,http://www.skiresort.info/skiresort/snowshoemountain/,1478,14,11,6,99,87,82,3.5
snowstar,snowstarski,North America,USA,Illinois,http://www.skiresort.info/skiresort/snowstar/,235,0.5,1.5,2,35,0,30,2.9
snowy-range,snowyrangeski,North America,USA,Wyoming,http://www.skiresort.info/skiresort/snowyrange/,2945,4.5,9,3,45,39,28,3
soda-springs,sodaspringsskiresort,North America,USA,Western United States,http://www.skiresort.info/skiresort/sodasprings/,2232,3,5,2,39,39,29,3
soldier-mountain,soldiermountain,North America,USA,Idaho,http://www.skiresort.info/skiresort/soldiermountain/,2188,9,8,8,38,0,22,3
solitude,solitudeskiresort,North America,USA,Utah,http://www.skiresort.info/skiresort/solitude/,3000,20,30,14,88,56,0,3.8
song-mountain,songmountainskiteam,North America,USA,New York,http://www.skiresort.info/skiresort/songmountain/,585,4.5,6,2.5,56,0,46,2.9
spirit-mountain,spiritmountain,North America,USA,Minnesota,http://www.skiresort.info/skiresort/spiritmountain/,390,4,5,2,49,0,39,3.6
spout-springs,spoutsprings,North America,USA,Oregon,http://www.skiresort.info/skiresort/spoutsprings/,1670,3,5,1.5,35,30,25,3
spring-mountain,springmountain,North America,USA,Pennsylvania,http://www.skiresort.info/skiresort/springmountain/,150,4,2.5,2,48,0,0,3
spruce-mountain-jay,sprucemountainjay111,North America,USA,Maine,http://www.skiresort.info/skiresort/sprucemountainjay/,183,0.6,1.4,0.4,25,0,20,1
squaw-valley,squawvalleyskiresort,North America,USA,Western United States,http://www.skiresort.info/skiresort/squawvalley/,2760,25,45,30,129,112,78,4
stagecoach,stagecoachskiarea,North America,USA,Colorado,http://www.skiresort.info/skiresort/stagecoach/,2867,,,,0,0,0,
standing-rocks,standingrocksskihill,North America,USA,Wisconsin,http://www.skiresort.info/skiresort/standingrocks/,370,0.6,0.3,0.3,8,0,5,
steamboat,skisteamboat,North America,USA,Colorado,http://www.skiresort.info/skiresort/steamboat/,3221,25,95,45,165,135,105,3.9
sterling-forest-ski-center,sterlingforeststatepark,North America,USA,New York,http://www.skiresort.info/skiresort/sterlingforestskicenter/,0,,,,0,0,0,
stevens-pass,stevenspassskipatrol,North America,USA,Washington State,http://www.skiresort.info/skiresort/stevenspass/,1750,6,18,15,74,0,50,3.5
storrs-hill-lebanon,storrshill,North America,USA,New Hampshire,http://www.skiresort.info/skiresort/storrshilllebanon/,282,0.7,0.3,0,10,0,7,1.5
stover-mountain,stovermountain,North America,USA,California,http://www.skiresort.info/skiresort/stovermountain/,1710,,,,0,0,0,
stowe,skistowe,North America,USA,Vermont,http://www.skiresort.info/skiresort/stowe/,1116,20,42,8,131,0,111,4
stratton,strattonski,North America,USA,Vermont,http://www.skiresort.info/skiresort/stratton/,1181,60,20,12,105,89,79,3.7
sugar-bowl,sugarbowlskiresort,North America,USA,Western United States,http://www.skiresort.info/skiresort/sugarbowl/,2555,15.3,40.5,34.2,115,94,66,3.7
sugar-mountain,sugarmountainskiresort,North America,USA,North Carolina,http://www.skiresort.info/skiresort/sugarmountain/,1589,4,7,3,72,0,49,3.7
sugarbush,sugarbush,North America,USA,Vermont,http://www.skiresort.info/skiresort/sugarbush/,1240,17,40,30,97,0,77,3.7
sugarloaf,sugarloafskiing,North America,USA,Maine,http://www.skiresort.info/skiresort/sugarloaf/,1286,28,40,51,95,79,69,3.4
suicide-six,suicidesix,North America,USA,Vermont,http://www.skiresort.info/skiresort/suicidesix/,411,3.5,4,3,68,0,50,3
summit-ski-area-at-mt-hood,summitskiarea,North America,USA,Oregon,http://www.skiresort.info/skiresort/summitskiareaatmthood/,1312,2,2,0,30,0,20,3
sunburst,sunburstskiarea,North America,USA,Wisconsin,http://www.skiresort.info/skiresort/sunburst/,357,0.5,1.5,1,42,0,25,2.6
sundance,sundanceskiresort,North America,USA,Utah,http://www.skiresort.info/skiresort/sundance/,2515,15,20,9,70,0,43,3
sunday-river,sundayriverskiresort,North America,USA,Maine,http://www.skiresort.info/skiresort/sundayriver/,957,30,40,14,105,79,69,3.6
sundown,skisundown,North America,USA,Connecticut,http://www.skiresort.info/skiresort/sundown/,330,2.7,1.4,1.7,60,52,18,
sundown-mountain-resort,sundownmountainresort,North America,USA,Iowa,http://www.skiresort.info/skiresort/sundownmountainresort/,350,1.3,1.6,0.3,45,0,35,
sunlight-mountain,sunlightmountain,North America,USA,Colorado,http://www.skiresort.info/skiresort/sunlightmountain/,3015,4,11,5,63,0,45,3
sunrise-park,sunrisepark,North America,USA,Arizona,http://www.skiresort.info/skiresort/sunrisepark/,3330,,,,71,59,44,
sunset-ski-area,sunsetskiarea,North America,USA,Iowa,http://www.skiresort.info/skiresort/sunsetskiarea/,0,,,,0,0,0,
swain,swainskiresort,North America,USA,New York,http://www.skiresort.info/skiresort/swain/,600,3,4.2,3.7,54,0,44,2.9
swiss-valley,swissvalley,North America,USA,Michigan,http://www.skiresort.info/skiresort/swissvalley/,360,0.4,1.1,0.3,42,0,30,
tamarack-resort,tamarackresort,North America,USA,Idaho,http://www.skiresort.info/skiresort/tamarackresort/,2347,12,20,10,69,44,30,4
taos,taosski,North America,USA,New Mexico,http://www.skiresort.info/skiresort/taos/,3795,27,28,58,105,85,65,3
telluride,telluride,North America,USA,Colorado,http://www.skiresort.info/skiresort/telluride/,3815,6.7,51.7,29.8,133,0,79,4
tenney-mountain,tenneymountain,North America,USA,New Hampshire,http://www.skiresort.info/skiresort/tenneymountain/,655,3,8,4,0,0,0,
terry-peak,terrypeakskiarea,North America,USA,South Dakota,http://www.skiresort.info/skiresort/terrypeak/,2130,4.7,7.2,4.1,53,0,39,4.1
teton-pass,tetonpassskiarea,North America,USA,Montana,http://www.skiresort.info/skiresort/tetonpass/,2194,6,5,4,45,40,30,2.6
the-balsams,thebalsams,North America,USA,New Hampshire,http://www.skiresort.info/skiresort/thebalsams/,838,3.4,4,5.2,0,0,0,
the-homestead-resort,thehomesteadresort,North America,USA,Michigan,http://www.skiresort.info/skiresort/thehomesteadresort/,280,1,2,1,50,38,24,
the-omni-homestead,theomnihomestead,North America,USA,Virginia,http://www.skiresort.info/skiresort/theomnihomestead/,930,1,1,1,0,0,0,
the-ridge-le-roy,theridgeleroy,North America,USA,New York,http://www.skiresort.info/skiresort/theridgeleroy/,245,0.4,0.3,0,0,0,0,1.5
the-rock-snow-park,therocksnowpark,North America,USA,Wisconsin,http://www.skiresort.info/skiresort/therocksnowpark/,270,1,0,0,40,0,0,
the-summit-at-snoqualmie,thesummitatsnoqualmie,North America,USA,Washington State,http://www.skiresort.info/skiresort/thesummitatsnoqualmie/,1180,5.2,13.7,9,79,55,15,3.2
the-whitecap-mountains,thewhitecapmountains,North America,USA,Wisconsin,http://www.skiresort.info/skiresort/thewhitecapmountains/,540,4,2,3,55,42,27,
thunder-ridge,thunderridgeski,North America,USA,New York,http://www.skiresort.info/skiresort/thunderridge/,267,1.8,1,1.4,52,0,37,
timber-ridge,timberridgeski,North America,USA,Michigan,http://www.skiresort.info/skiresort/timberridge/,287,1.2,1.6,0.4,40,0,29,
timberline,timberlineskiresort,North America,USA,Oregon,http://www.skiresort.info/skiresort/timberline/,2603,8,15,8,76,63,34,4.1
timberline-four-seasons,timberlinefourseasons,North America,USA,West Virginia,http://www.skiresort.info/skiresort/timberlinefourseasons/,1301,6,6,6,79,0,55,3
titcomb-mountain,titcombmountain,North America,USA,Maine,http://www.skiresort.info/skiresort/titcombmountain/,210,1,1.1,2.3,22,0,0,
titus-mountain,titusmountain,North America,USA,New York,http://www.skiresort.info/skiresort/titusmountain/,423,10,10,7,45,45,35,2.9
toggenburg-ski-center,toggenburgskicenter,North America,USA,New York,http://www.skiresort.info/skiresort/toggenburgskicenter/,543,3.2,2,3.1,50,0,40,
treetops-sylvan,treetopssylvan,North America,USA,Michigan,http://www.skiresort.info/skiresort/treetopssylvan/,405,0.3,1.9,2.2,59,55,49,
triangle-sports-area-green-bay,trianglesportsareagreenbay,North America,USA,Wisconsin,http://www.skiresort.info/skiresort/trianglesportsareagreenbay/,217,0.5,0.1,0,0,0,0,1
trollhaugen,trollhaugen,North America,USA,Wisconsin,http://www.skiresort.info/skiresort/trollhaugen/,362,2.5,1.5,0.9,50,0,40,2.6
turner-mountain,turnermountain,North America,USA,Montana,http://www.skiresort.info/skiresort/turnermountain/,1814,2.1,5.5,6.2,37,25,20,
tussey-mountain,tusseymountain,North America,USA,Pennsylvania,http://www.skiresort.info/skiresort/tusseymountain/,553,1.5,1.2,0.3,48,0,44,
tuxedo-ridge,tuxedoridgeskicenter,North America,USA,New York,http://www.skiresort.info/skiresort/tuxedoridge/,365,1,4,2,0,0,0,
tyrol-basin-mt-horeb,tyrolbasinparks,North America,USA,Wisconsin,http://www.skiresort.info/skiresort/tyrolbasinmthoreb/,344,1.2,1.5,1.5,45,0,35,
vail,skivail,North America,USA,Colorado,http://www.skiresort.info/skiresort/vail/,3433,57,84,93,169,0,117,4
val-bialas-ski-center-utica,valbialas,North America,USA,New York,http://www.skiresort.info/skiresort/valbialasskicenterutica/,251,0.8,0.4,0.6,0,0,0,2.6
valdez-heli-ski-guides,valdezheliskiguides,North America,USA,Alaska,http://www.skiresort.info/skiresort/valdezheliskiguides/,0,,,,0,0,0,
veterans-memorial-franklin,veteransmemorialfranklin,North America,USA,New Hampshire,http://www.skiresort.info/skiresort/veteransmemorialfranklin/,305,0.6,0.4,0,0,0,0,1.3
villa-olivia-bartlett,villaoliviabartlett,North America,USA,Illinois,http://www.skiresort.info/skiresort/villaoliviabartlett/,258,0.2,0.6,0.6,40,29,17,2.2
villa-roma,villaromaski,North America,USA,New York,http://www.skiresort.info/skiresort/villaroma/,388,1.7,0,0,0,0,0,
wachusett-mountain,wachusettmountain,North America,USA,Massachusetts,http://www.skiresort.info/skiresort/wachusettmountain/,611,3.6,4.8,3.6,69,0,56,4.1
ward-hill-shrewsbury,wardhillshrewsbury111,North America,USA,Massachusetts,http://www.skiresort.info/skiresort/wardhillshrewsbury/,160,0.6,1,0.5,49,0,10,2.5
warner-canyon-lakeview,warnercanyonskiarea,North America,USA,Oregon,http://www.skiresort.info/skiresort/warnercanyonlakeview/,1975,2.4,1.6,5.9,32,22,18,
waterville-valley,watervillevalley,North America,USA,New Hampshire,http://www.skiresort.info/skiresort/watervillevalley/,1220,3.5,16,5.5,81,71,61,3.3
welch-village,welchvillage,North America,USA,Minnesota,http://www.skiresort.info/skiresort/welchvillage/,323,2,2,2,56,0,46,
wenatchee-mission-ridge,wenatcheemissionridge111,North America,USA,Washington State,http://www.skiresort.info/skiresort/wenatcheemissionridge/,2078,10,60,30,63,0,43,3.4
west-mountain,westmountainskiresort,North America,USA,New York,http://www.skiresort.info/skiresort/westmountain/,435,5.9,2.1,1.7,59,49,45,3
whaleback,whaleback,North America,USA,New Hampshire,http://www.skiresort.info/skiresort/whaleback/,543,5.2,2.8,3.5,43,32,27,2.8
whisper-ridge,whisperridge,North America,USA,Utah,http://www.skiresort.info/skiresort/whisperridge/,0,,,,0,0,0,
white-pass,whitepass,North America,USA,Washington State,http://www.skiresort.info/skiresort/whitepass/,1986,10,12,8,63,0,43,3.7
white-pine-pinedale,whitepineskiresort,North America,USA,Wyoming,http://www.skiresort.info/skiresort/whitepinepinedale/,2847,3.7,2.6,5.3,48,0,35,3
whiteface-lake-placid,whitefacelakeplacid,North America,USA,New York,http://www.skiresort.info/skiresort/whitefacelakeplacid/,1340,7,15,13,94,74,58,3
whitefish-mountain-resort,whitefishmountainresort,North America,USA,Montana,http://www.skiresort.info/skiresort/whitefishmountainresort/,2078,18,46,27,79,68,40,3.5
whitetail,whitetailskiresort,North America,USA,Pennsylvania,http://www.skiresort.info/skiresort/whitetail/,549,1.5,5.6,3.1,75,0,62,
whitetail-ridge-fort-mccoy,whitetailresort,North America,USA,Wisconsin,http://www.skiresort.info/skiresort/whitetailridgefortmccoy/,322,0.7,0.5,0,30,0,25,1.5
wild-mountain,wildmountainskiarea,North America,USA,Minnesota,http://www.skiresort.info/skiresort/wildmountain/,320,1.1,1.6,2.1,51,0,40,
wildcat-mountain,wildcatmountain,North America,USA,New Hampshire,http://www.skiresort.info/skiresort/wildcatmountain/,1238,9.4,22.1,14,85,0,64,3.5
willamette-pass-crescent,willamettepass,North America,USA,Oregon,http://www.skiresort.info/skiresort/willamettepasscrescent/,2036,6,13,10,49,0,30,3.4
willard-mountain-greenwich,willardmountain,North America,USA,New York,http://www.skiresort.info/skiresort/willardmountaingreenwich/,429,0.6,1.4,0.8,43,0,39,
wilmot-mountain,wilmotmountain,North America,USA,Wisconsin,http://www.skiresort.info/skiresort/wilmotmountain/,292,1.4,1.6,1,64,0,59,2.9
windham-mountain,windhammountain,North America,USA,New York,http://www.skiresort.info/skiresort/windhammountain/,945,,,,85,73,63,
winter-park-kewaunee-county,winterparkresort,North America,USA,Wisconsin,http://www.skiresort.info/skiresort/winterparkkewauneecounty/,225,0.5,0.5,0.1,10,0,0,1.5
winter-park-resort,winterparkresort,North America,USA,Colorado,http://www.skiresort.info/skiresort/winterparkresort/,3676,11,53,79,159,0,99,4
winterclub-indoor-ski-snowboard-winter-park,winterclubindoorski,North America,USA,Florida,http://www.skiresort.info/skiresort/winterclubindoorskisnowboardwinterpark/,34,0.1,0,0,0,0,0,1
wintergreen-resort,wintergreenresort,North America,USA,Virginia,http://www.skiresort.info/skiresort/wintergreenresort/,1071,2,4,4,84,0,64,3.8
winterplace,winterplaceskiresort,North America,USA,West Virginia,http://www.skiresort.info/skiresort/winterplace/,1097,,,,69,0,52,
wisp-mchenry-deep-creek-lake,wispmchenrydeepcreeklake,North America,USA,Maryland,http://www.skiresort.info/skiresort/wispmchenrydeepcreeklake/,950,5.6,6.1,4.3,74,0,54,
wolf-creek,wolfcreekski,North America,USA,Colorado,http://www.skiresort.info/skiresort/wolfcreek/,3628,20,35,45,70,0,36,3.4
wolf-ridge,wolfridgeskiresort,North America,USA,North Carolina,http://www.skiresort.info/skiresort/wolfridge/,1432,3,2,1,56,0,46,3
woodbury,woodburyskiarea,North America,USA,Connecticut,http://www.skiresort.info/skiresort/woodbury/,259,3.5,3.5,2.6,42,0,35,
woods-valley,woodsvalley,North America,USA,New York,http://www.skiresort.info/skiresort/woodsvalley/,325,2,1.5,0.5,43,0,37,
yawgoo-valley,yawgoovalley,North America,USA,Rhode Island,http://www.skiresort.info/skiresort/yawgoovalley/,96,1.5,0.9,0.1,49,0,42,
yellowstone-club,yellowstoneclub,North America,USA,Montana,http://www.skiresort.info/skiresort/yellowstoneclub/,3005,30,30,20,0,0,0,4.4
