Resort Name,,Continent,Country,State/Province,URL,Altitude,Easy(km),Intermediate(km) ,Difficult(km),Adult(ticket),Youth(ticket),Child(ticket),Lifts and cable cars 
49-degrees-north-mountain-resort,49Â° North Mountain Resort,North America,USA,Washington State,http://www.skiresort.info/ski-resort/49-degrees-north-mountain-resort/,1760,20,27,21,58,0,48,3
abenaki,Wolfeboro Abenaki Ski Area,North America,USA,New Hampshire,http://www.skiresort.info/ski-resort/abenaki/,250,0.5,0.3,0.2,0,0,0,
afton-alps,Afton Alps,North America,USA,Minnesota,http://www.skiresort.info/ski-resort/afton-alps/,387,3,3,2,58,0,53,3
al-quaal,Al Quaal Recreation Area,North America,USA,Michigan,http://www.skiresort.info/ski-resort/al-quaal/,451,0.2,0.2,0,0,0,0,
aldis-hill-park-st-albans,Aldis Hill Park,North America,USA,Vermont,http://www.skiresort.info/ski-resort/aldis-hill-park-st-albans/,150,0.2,0.2,0,0,0,0,
alpenglow-at-arctic-valley,Arctic Valley,North America,USA,Alaska,http://www.skiresort.info/ski-resort/alpenglow-at-arctic-valley/,1188,5,10,10,35,30,20,
alpental,Alpental,North America,USA,Washington State,http://www.skiresort.info/ski-resort/alpental/,1670,0.5,2.3,6.8,79,55,15,3.5
alpine-meadows,Alpine Meadows Ski Resort,North America,USA,Western United States,http://www.skiresort.info/ski-resort/alpine-meadows/,2632,25,40,35,159,134,98,4
alpine-valley-cleveland,Alpine Valley,North America,USA,Ohio,http://www.skiresort.info/ski-resort/alpine-valley-cleveland/,457,0.4,0.6,0.5,43,0,38,2.9
alpine-valley-resort-elkhorn,Alpine Valley Resort,North America,USA,Wisconsin,http://www.skiresort.info/ski-resort/alpine-valley-resort-elkhorn/,415,1.5,1.5,1,48,0,43,3.5
alpine-valley-white-lake,Alpine Valley,North America,USA,Michigan,http://www.skiresort.info/ski-resort/alpine-valley-white-lake/,368,3,1,1,45,0,35,
alta,Alta Ski Area,North America,USA,Utah,http://www.skiresort.info/ski-resort/alta/,3215,29,46.4,40.6,104,0,54,3.7
alta-sierra-shirley-meadows,Alta Sierra Ski Resort,North America,USA,California,http://www.skiresort.info/ski-resort/alta-sierra-shirley-meadows/,2160,1.3,0.2,0,35,0,25,
alyeska-resort-girdwood,Alyeska Resort & Hotel Alyeska,North America,USA,Alaska,http://www.skiresort.info/ski-resort/alyeska-resort-girdwood/,840,14,31,17,85,68,39,3.5
Campgaw Mountain Ski Area,Campgaw Mountain Ski Area,North America,USA,New Jersey,http://www.skiresort.info/ski-resort/american-dream-meadowlands-east-rutherford/,136,0.3,0,0,0,0,0,1
andes-tower-hills,Andes Tower Hills,North America,USA,Minnesota,http://www.skiresort.info/ski-resort/andes-tower-hills/,494,2.2,1.6,0.2,42,0,30,
angel-fire,Angel Fire Resort,North America,USA,New Mexico,http://www.skiresort.info/ski-resort/angel-fire/,3256,40,28,7,73,63,53,3.9
antelope-butte,Antelope Butte Mountain Recreation Area,North America,USA,Wyoming,http://www.skiresort.info/ski-resort/antelope-butte/,2865,4,10,6,30,25,15,
anthony-lakes-mountain-resort,Ski Anthony Lakes,North America,USA,Oregon,http://www.skiresort.info/ski-resort/anthony-lakes-mountain-resort/,2438,2,3.8,4.2,35,29,21,2.9
apache,Ski Apache,North America,USA,New Mexico,http://www.skiresort.info/ski-resort/apache/,3475,12,18,25,56,49,40,3.4
appalachian-ski-mountain,Appalachian Ski Mtn.,North America,USA,North Carolina,http://www.skiresort.info/ski-resort/appalachian-ski-mountain/,1219,2,2.5,0.5,61,0,42,
Apple Mountain Ski,Apple Mountain Ski,North America,USA,Michigan,http://www.skiresort.info/ski-resort/apple-mountain/,244,0.8,0.8,0.4,35,0,0,
arapahoe-basin,Arapahoe Basin Ski Area,North America,USA,Colorado,http://www.skiresort.info/ski-resort/arapahoe-basin/,3790,40,25,40,100,85,52,3
arizona-snowbowl,Arizona Snowbowl,North America,USA,Arizona,http://www.skiresort.info/ski-resort/arizona-snowbowl/,3505,12,14,11,89,75,55,3.3
aspen-highlands,Aspen Highlands Ski Resort - Aspen Skiing Company,North America,USA,Colorado,http://www.skiresort.info/ski-resort/aspen-highlands/,3559,24.3,40.5,70.2,169,0,112,4
Aspen Mountain Ski Resort - Aspen Skiing Company,Aspen Mountain Ski Resort - Aspen Skiing Company,North America,USA,Colorado,http://www.skiresort.info/ski-resort/aspen-mountain/,3418,0,49,54,169,0,112,4
attitash-mountain-resort,Attitash Mountain Resort,North America,USA,New Hampshire,http://www.skiresort.info/ski-resort/attitash-mountain-resort/,716,7.4,17.4,12.2,85,0,64,3.3
ausblick-sussex,Ausblick,North America,USA,Wisconsin,http://www.skiresort.info/ski-resort/ausblick-sussex/,350,0.8,0.6,0,30,0,0,2.5
badger-mountain,Badger Mountain,North America,USA,Washington State,http://www.skiresort.info/ski-resort/badger-mountain/,1158,2,0.5,0,10,10,10,
Yosemite Ski & Snowboard Area,Yosemite Ski & Snowboard Area,North America,USA,California,http://www.skiresort.info/ski-resort/badger-pass/,2440,3.5,5,1.5,47,42,29.5,2.9
bald-mountain,Bald Mountain,North America,USA,Idaho,http://www.skiresort.info/ski-resort/bald-mountain/,1463,3,4,2,20,0,17,1.4
bald-mountain-sun-valley,Sun Valley,North America,USA,Idaho,http://www.skiresort.info/ski-resort/bald-mountain-sun-valley/,2788,35,40,17,125,0,75,3.9
bear-creek-mountain-resort,Bear Creek Mountain Resort,North America,USA,Pennsylvania,http://www.skiresort.info/ski-resort/bear-creek-mountain-resort/,335,3,4,3,67,0,58,3
bear-mountain-big-bear-lake,Bear Mountain Ski Resort,North America,USA,California,http://www.skiresort.info/ski-resort/bear-mountain-big-bear-lake/,2684,8,11.2,8,89,73,36,3.4
bear-paw-ski-bowl,Bear Paw Ski Bowl,North America,USA,Montana,http://www.skiresort.info/ski-resort/bear-paw-ski-bowl/,1609,3,6,1,20,0,18,
bear-valley,Skyline Bear Valley Mountain Resort,North America,USA,California,http://www.skiresort.info/ski-resort/bear-valley/,2590,17,27,23,79,68,32,3.4
bears-den-mountain-fort-ransom,Bear's Den Mountain,North America,USA,North Dakota,http://www.skiresort.info/ski-resort/bears-den-mountain-fort-ransom/,430,2,2,0,25,0,21,
beartooth-basin,Beartooth Basin Summer Ski Area,North America,USA,Wyoming,http://www.skiresort.info/ski-resort/beartooth-basin/,3322,0,2,3,45,0,0,1.5
beaver-creek,Beaver Creek Resort,North America,USA,Colorado,http://www.skiresort.info/ski-resort/beaver-creek/,3488,28.5,64.5,57,189,0,130,4
beaver-mountain,Beaver Mountain Ski Area,North America,USA,Utah,http://www.skiresort.info/ski-resort/beaver-mountain/,2700,10,12,8,48,0,38,3
beech-mountain,Beech Mountain Ski Resort,North America,USA,North Carolina,http://www.skiresort.info/ski-resort/beech-mountain/,1678,3,7,4,65,0,45,3.3
belleayre-mountain,Belleayre Mountain Ski Center,North America,USA,New York,http://www.skiresort.info/ski-resort/belleayre-mountain/,1045,5,11,4,68,58,46,3.6
berkshire-east,Berkshire East Mountain Resort,North America,USA,Massachusetts,http://www.skiresort.info/ski-resort/berkshire-east/,561,6,4,3,62,52,42,
Ski Big Bear at Masthope Mountain,Ski Big Bear at Masthope Mountain,North America,USA,Pennsylvania,http://www.skiresort.info/ski-resort/big-bear-at-masthope-mountain/,450,3,2,2,59,0,45,3
big-boulder,Big Boulder Mountain,North America,USA,Pennsylvania,http://www.skiresort.info/ski-resort/big-boulder/,663,3,1,0,58,0,45,
big-creek-ski-area,Big Creek Ski Area,North America,USA,Ohio,http://www.skiresort.info/ski-resort/big-creek-ski-area/,320,1,0,0,0,0,0,
big-powderhorn-mountain,Big Powderhorn Mountain Resort,North America,USA,Michigan,http://www.skiresort.info/ski-resort/big-powderhorn-mountain/,540,3.5,3.5,3,65,54,44,
big-sky-resort,Big Sky Resort,North America,USA,Montana,http://www.skiresort.info/ski-resort/big-sky-resort/,3398,55,69,126,135,115,86,3.6
big-squaw,Big Squaw Mountain Ski Area,North America,USA,Maine,http://www.skiresort.info/ski-resort/big-squaw/,933,3,3,2,30,0,25,
big-tupper-tupper-lake,Big Tupper Ski Area,North America,USA,New York,http://www.skiresort.info/ski-resort/big-tupper-tupper-lake/,1082,5,5,2,0,0,0,
bigrock-mountain,BigRock Mountain,North America,USA,Maine,http://www.skiresort.info/ski-resort/bigrock-mountain/,498,2,14,4,38,27,17,3
bittersweet,Bittersweet Ski Resort,North America,USA,Michigan,http://www.skiresort.info/ski-resort/bittersweet/,324,,,,44,0,36,
black-mountain-jackson,Black Mountain Ski Area,North America,USA,New Hampshire,http://www.skiresort.info/ski-resort/black-mountain-jackson/,570,6,4,2,55,42,38,
black-mountain-rumford,Black Mountain of Maine,North America,USA,Maine,http://www.skiresort.info/ski-resort/black-mountain-rumford/,650,2,3.5,2.5,29,0,0,2.7
blackhawk-ski-club-middleton,Blackhawk Ski Area West Chalet,North America,USA,Wisconsin,http://www.skiresort.info/ski-resort/blackhawk-ski-club-middleton/,328,0.6,0.2,0,0,0,0,1
blacktail-mountain,Blacktail Mountain Ski Area,North America,USA,Montana,http://www.skiresort.info/ski-resort/blacktail-mountain/,2066,3,11,3,40,28,19,
blue-knob,Blue Knob All Seasons Resort,North America,USA,Pennsylvania,http://www.skiresort.info/ski-resort/blue-knob/,960,5,8,3,62,0,50,
blue-mountain,Blue Mountain Resort,North America,USA,Pennsylvania,http://www.skiresort.info/ski-resort/blue-mountain/,470,10,6,2,85,0,70,
bluewood,Bluewood,North America,USA,Washington State,http://www.skiresort.info/ski-resort/bluewood/,1730,3,5,3,39,0,32,
bogus-basin,Bogus Basin,North America,USA,Idaho,http://www.skiresort.info/ski-resort/bogus-basin/,2311,11,22,17,59,49,25,3.7
bolton-valley,Bolton Valley Resort,North America,USA,Vermont,http://www.skiresort.info/ski-resort/bolton-valley/,960,15,10,5,74,0,64,2
boreal,Boreal Mountain California,North America,USA,Western United States,http://www.skiresort.info/ski-resort/boreal/,2357,6,11,3,64,44,34,3.3
boston-mills,Boston Mills and Brandywine Ski Areas,North America,USA,Ohio,http://www.skiresort.info/ski-resort/boston-mills/,270,0.5,0.5,0.5,43,0,38,
bottineau-winter-park,Bottineau Winter Park Ski-Area,North America,USA,North Dakota,http://www.skiresort.info/ski-resort/bottineau-winter-park/,740,0.8,0.3,0.2,35,30,20,
bousquet,Bousquet Ski Area,North America,USA,Massachusetts,http://www.skiresort.info/ski-resort/bousquet/,566,3,2,3,47,0,0,
boyce-park,Boyce Park Four Seasons Lodge,North America,USA,Pennsylvania,http://www.skiresort.info/ski-resort/boyce-park/,380,1,0,0,22,16,8,
boyne-highlands,Boyne Highlands Resort,North America,USA,Michigan,http://www.skiresort.info/ski-resort/boyne-highlands/,408,4,3,3,89,79,69,3.2
boyne-mountain,Boyne Mountain Resort,North America,USA,Michigan,http://www.skiresort.info/ski-resort/boyne-mountain/,372,4.5,6,3.5,89,79,69,3.1
brandywine,Boston Mills and Brandywine Ski Areas,North America,USA,Ohio,http://www.skiresort.info/ski-resort/brandywine/,270,1,0.7,0.3,43,0,38,
brantling-ski-slopes,Brantling Ski Slopes Inc,North America,USA,New York,http://www.skiresort.info/ski-resort/brantling-ski-slopes/,210,0.7,0.3,0,32,0,29,
breckenridge,Breckenridge Ski Resort,North America,USA,Colorado,http://www.skiresort.info/ski-resort/breckenridge/,3914,28,60,65,164,0,107,4
bretton-woods,Bretton Woods,North America,USA,New Hampshire,http://www.skiresort.info/ski-resort/bretton-woods/,945,25,16,15,89,68,53,3.8
Brian Head Resort,Brian Head Resort,North America,USA,Utah,http://www.skiresort.info/ski-resort/brian-head/,3328,22,24,25,69,0,50,3.3
bridger-bowl-bozeman,Bridger Bowl Ski Area,North America,USA,Montana,http://www.skiresort.info/ski-resort/bridger-bowl-bozeman/,2682,20,26,25,60,0,22,3
bristol-mountain,Bristol Mountain Ski Resort,North America,USA,New York,http://www.skiresort.info/ski-resort/bristol-mountain/,670,6,10,4,72,0,57,3.6
Bromley Mountain,Bromley Mountain Ski Resort,North America,USA,Vermont,http://www.skiresort.info/ski-resort/bromley-mountain/,1001,15,18,12,79,69,56,
bruce-mound,Bruce Mound Winter Sports Area,North America,USA,Wisconsin,http://www.skiresort.info/ski-resort/bruce-mound/,400,1,0.5,0.5,31,28,13,
brundage-mountain,Brundage Mountain Idaho Ski Resort,North America,USA,Idaho,http://www.skiresort.info/ski-resort/brundage-mountain/,2328,6,15,9,64,37,23,3.4
bryce-resort,Bryce Resort,North America,USA,Virginia,http://www.skiresort.info/ski-resort/bryce-resort/,533,2,2.8,0.2,65,0,58,3
buck-hill-ski-area,Buck Hill,North America,USA,Minnesota,http://www.skiresort.info/ski-resort/buck-hill-ski-area/,371,1.2,0.8,0.2,44,0,32,2.7
buckhorn-ski-and-snowboard-club,Buckhorn Ski and Snowboard Club,North America,USA,California,http://www.skiresort.info/ski-resort/buckhorn-ski-and-snowboard-club/,2253,0.2,0.6,0.4,0,0,0,
buena-vista,Buena Vista Ski Area,North America,USA,Minnesota,http://www.skiresort.info/ski-resort/buena-vista/,470,0.4,0.8,0.5,40,0,30,
buffalo-ski-club,Buffalo Ski Club,North America,USA,New York,http://www.skiresort.info/ski-resort/buffalo-ski-club/,512,5,4,2,55,0,44,
burke-mountain,Burke Mountain,North America,USA,Vermont,http://www.skiresort.info/ski-resort/burke-mountain/,975,2,4,4,64,55,47,3.7
buttermilk-mountain,Buttermilk Ski Area - Aspen Skiing Company,North America,USA,Colorado,http://www.skiresort.info/ski-resort/buttermilk-mountain/,3018,11.9,13.3,8.8,169,0,112,4
butternut-basin,Ski Butternut,North America,USA,Massachusetts,http://www.skiresort.info/ski-resort/butternut-basin/,540,4.4,13.2,4.4,65,0,55,
caberfae-peaks,Caberfae Peaks,North America,USA,Michigan,http://www.skiresort.info/ski-resort/caberfae-peaks/,465,4,5,2,47,42,37,3
camden-snow-bowl,The Camden Snow Bowl,North America,USA,Maine,http://www.skiresort.info/ski-resort/camden-snow-bowl/,320,1.2,3.6,1.2,39,0,34,
camelback,Camelback Mountain Resort,North America,USA,Pennsylvania,http://www.skiresort.info/ski-resort/camelback/,623,20,11,3,67,0,49,3.3
camp-10,Camp 10 Ski Area,North America,USA,Wisconsin,http://www.skiresort.info/ski-resort/camp-10/,530,0.3,0.7,0.5,34,0,25,
Campgaw Mountain Ski Area,Campgaw Mountain Ski Area,North America,USA,New Jersey,http://www.skiresort.info/ski-resort/campgaw/,290,1,0,0,45,0,0,
campton-mountain,Campton Mountain Ski Area,North America,USA,New Hampshire,http://www.skiresort.info/ski-resort/campton-mountain/,435,0.6,0.5,0.2,15,0,0,2.8
canaan-valley,Canaan Valley Ski Resort,North America,USA,West Virginia,http://www.skiresort.info/ski-resort/canaan-valley/,1304,3,4,3,68,0,47,
cannon-mountain,Cannon Mountain Ski Resort,North America,USA,New Hampshire,http://www.skiresort.info/ski-resort/cannon-mountain/,1243,15,25,10,75,62,53,3.2
cannonsburg-ski-area,Cannonsburg Ski Area,North America,USA,Michigan,http://www.skiresort.info/ski-resort/cannonsburg-ski-area/,280,0.5,1,0.5,37,0,27,
cascade-mountain,Cascade Mountain,North America,USA,Wisconsin,http://www.skiresort.info/ski-resort/cascade-mountain/,378,5,5,4,0,0,0,
cataloochee,Cataloochee Ski Area,North America,USA,North Carolina,http://www.skiresort.info/ski-resort/cataloochee/,1583,1.5,3,1.5,65,0,47,3
catamount,Catamount Mountain Resort,North America,USA,Massachusetts,http://www.skiresort.info/ski-resort/catamount/,580,8,4,3,66,0,56,3
cazenovia,Cazenovia Ski Club,North America,USA,New York,http://www.skiresort.info/ski-resort/cazenovia/,440,0.6,0.7,1,0,0,0,1.4
challenge-mountain-walloon-lake,Challenge Mountain Resale Store | Boyne City,North America,USA,Michigan,http://www.skiresort.info/ski-resort/challenge-mountain-walloon-lake/,325,0.9,0.3,0,0,0,0,
cherry-peak,Cherry Peak Resort,North America,USA,Utah,http://www.skiresort.info/ski-resort/cherry-peak/,2635,5,10,5,42,0,32,3
chester-bowl-park,Chester Bowl Improvement Club,North America,USA,Minnesota,http://www.skiresort.info/ski-resort/chester-bowl-park/,380,0.6,0,0,10,0,0,3
chestnut-mountain,Chestnut Mountain Resort,North America,USA,Illinois,http://www.skiresort.info/ski-resort/chestnut-mountain/,335,2,3,1,52,0,40,
china-peak,China Peak Mountain Resort,North America,USA,California,http://www.skiresort.info/ski-resort/china-peak/,2654,20,17,13,79,54,34,
christie-mountain,Christie Mountain,North America,USA,Wisconsin,http://www.skiresort.info/ski-resort/christie-mountain/,510,2.8,1.5,0.7,37,0,32,
clear-fork,"Bluegreen Vacations Christmas Mountain Village, an Ascend Resort",North America,USA,Ohio,http://www.skiresort.info/ski-resort/clear-fork/,420,,,,0,0,0,
cloudcroft,Ski Cloudcroft,North America,USA,New Mexico,http://www.skiresort.info/ski-resort/cloudcroft/,2773,4,2,4,45,0,35,
cloudmont-ski-resort,Cloudmont Ski & Golf Resort,North America,USA,Alabama,http://www.skiresort.info/ski-resort/cloudmont-ski-resort/,548,0.6,0,0,30,0,25,
cochran-ski-area,Cochran's Ski Area,North America,USA,Vermont,http://www.skiresort.info/ski-resort/cochran-ski-area/,280,0.6,0.5,0.1,25,0,20,
cockaigne-ski-area,Cockaigne Resort,North America,USA,New York,http://www.skiresort.info/ski-resort/cockaigne-ski-area/,619,,,,38,0,31,
coffee-mill-ski-area,Coffee Mill Ski Resort,North America,USA,Minnesota,http://www.skiresort.info/ski-resort/coffee-mill-ski-area/,360,1,0.6,0.4,32,0,26,
cooper,Ski Cooper,North America,USA,Colorado,http://www.skiresort.info/ski-resort/cooper/,3566,8,10,8,52,0,32,2.5
Cooper Spur Mountain Resort,Cooper Spur Mountain Resort,North America,USA,Oregon,http://www.skiresort.info/ski-resort/cooper-spur/,1325,4,4,2,32,0,28,3
copper-mountain,Copper Mountain,North America,USA,Colorado,http://www.skiresort.info/ski-resort/copper-mountain/,3767,30,40,56,150,0,85,3.7
coppervale,Coppervale Ski Hill,North America,USA,California,http://www.skiresort.info/ski-resort/coppervale/,1825,1,2,0,0,0,0,1.5
cottonwood-butte,Cottonwood Butte Ski Area,North America,USA,Idaho,http://www.skiresort.info/ski-resort/cottonwood-butte/,1707,,,,20,0,0,
Cranmore Mountain Resort,Cranmore Mountain Resort,North America,USA,New Hampshire,http://www.skiresort.info/ski-resort/cranmore-mountain-resort/,609,16,19,8,72,59,45,3.4
crested-butte,Crested Butte Mountain Resort,North America,USA,Colorado,http://www.skiresort.info/ski-resort/crested-butte/,3707,27,69,25,115,104,63,3.7
crotched-mountain,Crotched Mountain Ski and Ride,North America,USA,New Hampshire,http://www.skiresort.info/ski-resort/crotched-mountain/,630,2.5,4,1.5,64,0,54,3.4
crystal-mountain-mi,Crystal Mountain,North America,USA,Michigan,http://www.skiresort.info/ski-resort/crystal-mountain-mi/,359,1.2,2.3,1.4,72,0,62,3.3
crystal-mountain-wa,Crystal Mountain,North America,USA,Washington State,http://www.skiresort.info/ski-resort/crystal-mountain-wa/,2137,8,27,15,80,0,56,3.8
dartmouth-skiway,Dartmouth Skiway,North America,USA,New Hampshire,http://www.skiresort.info/ski-resort/dartmouth-skiway/,592,4,8,4,48,38,33,
deer-valley,Deer Valley Resort,North America,USA,Utah,http://www.skiresort.info/ski-resort/deer-valley/,2917,27,41,32,135,135,84,4
denton-hill-state-park,Denton Hill State Park,North America,USA,Pennsylvania,http://www.skiresort.info/ski-resort/denton-hill-state-park/,750,4,2,2,0,0,0,
detroit-mountain,Detroit Mountain Recreation Area,North America,USA,Minnesota,http://www.skiresort.info/ski-resort/detroit-mountain/,490,1,1,0,40,0,32,3
devils-head,Devil's Head Resort,North America,USA,Wisconsin,http://www.skiresort.info/ski-resort/devils-head/,303,3,3.5,3.5,55,0,48,
diamond-peaks,Diamond Peak Ski Resort,North America,USA,Utah,http://www.skiresort.info/ski-resort/diamond-peaks/,0,,,,0,0,0,
discovery-ski-area,Discovery Ski Area,North America,USA,Montana,http://www.skiresort.info/ski-resort/discovery-ski-area/,2484,12,12,21,46,0,24,3
dodge-ridge,Dodge Ridge Ski Resort,North America,USA,California,http://www.skiresort.info/ski-resort/dodge-ridge/,2499,10,20,20,72,59,24,
dollar-mountain-sun-valley,Carol's Dollar Mountain Day Lodge,North America,USA,Idaho,http://www.skiresort.info/ski-resort/dollar-mountain-sun-valley/,2023,7,2,0,120,0,58,3.7
Donner Ski Ranch,Donner Ski Ranch,North America,USA,Western United States,http://www.skiresort.info/ski-resort/donner-ski-ranch/,2371,13,26,13,69,59,29,3
dry-hill,Dry Hill Ski Area,North America,USA,New York,http://www.skiresort.info/ski-resort/dry-hill/,293,0.7,1.2,0.5,40,0,35,
dynamite-hill-chestertown,Dynamite Hill Recreation Area,North America,USA,New York,http://www.skiresort.info/ski-resort/dynamite-hill-chestertown/,281,0.2,0,0,0,0,0,1
eagle-island-park,Eagle Island State Park,North America,USA,Idaho,http://www.skiresort.info/ski-resort/eagle-island-park/,781,0.1,0,0,20,0,20,1
eagle-point,Eagle Point Resort,North America,USA,Utah,http://www.skiresort.info/ski-resort/eagle-point/,3230,6,9,5,65,0,50,3
eagle-rock,Eagle Rock Resort,North America,USA,Pennsylvania,http://www.skiresort.info/ski-resort/eagle-rock/,550,,,,42,0,28,
eaglecrest-juneau,Eaglecrest Ski Area,North America,USA,Alaska,http://www.skiresort.info/ski-resort/eaglecrest-juneau/,820,3.4,6.8,6.8,52,42,28,3
eaton-mountain,Eaton Mountain Ski Area,North America,USA,Maine,http://www.skiresort.info/ski-resort/eaton-mountain/,140,1.5,0.5,0,15,0,0,
echo-mountain-park-idaho-springs,Echo Mountain,North America,USA,Colorado,http://www.skiresort.info/ski-resort/echo-mountain-park-idaho-springs/,3401,2,1,0,49,0,39,2.9
echo-valley-lake-chelan,Echo Valley Ski Area,North America,USA,Washington State,http://www.skiresort.info/ski-resort/echo-valley-lake-chelan/,950,1,0.4,0.1,25,0,0,
eldora-mountain,Eldora Mountain Resort,North America,USA,Colorado,http://www.skiresort.info/ski-resort/eldora-mountain/,3292,11,26,15,94,0,54,3.2
elk-mountain,Elk Mountain Ski Resort,North America,USA,Pennsylvania,http://www.skiresort.info/ski-resort/elk-mountain/,820,3,8,4,66,0,50,
elk-ridge-williams,Elk Ridge Ski Area,North America,USA,Arizona,http://www.skiresort.info/ski-resort/elk-ridge-williams/,2452,0.6,1.5,0.9,40,0,25,
fairmont-hot-springs-fairmont,Fairmont Hot Springs Resort Ski Area,North America,USA,Montana,http://www.skiresort.info/ski-resort/fairmont-hot-springs-fairmont/,0,,,,0,0,0,
ferguson-ridge,Ferguson Ridge Ski Area,North America,USA,Oregon,http://www.skiresort.info/ski-resort/ferguson-ridge/,1780,2,2,1,20,0,10,
fort-wainwrightbirch-hill-fairbanks,Birch Hill Ski & Snowboard Area,North America,USA,Alaska,http://www.skiresort.info/ski-resort/fort-wainwrightbirch-hill-fairbanks/,300,1.5,0.3,0,0,0,0,
four-lakes,Four Lakes Alpine Snowsports,North America,USA,Illinois,http://www.skiresort.info/ski-resort/four-lakes/,220,1,0,0,28,0,0,
frost-fire-mountain,Frost Fire Ski Area,North America,USA,North Dakota,http://www.skiresort.info/ski-resort/frost-fire-mountain/,440,0.7,0.6,0.2,40,0,30,
giants-ridge,Giants Ridge Recreation Area,North America,USA,Minnesota,http://www.skiresort.info/ski-resort/giants-ridge/,560,4,5,3,54,0,38,3.3
gladstone-sports-park,Gladstone Sports Park,North America,USA,Michigan,http://www.skiresort.info/ski-resort/gladstone-sports-park/,220,0.4,0.1,0,12,0,5,
gore-mountain,Gore Mountain Ski Resort,North America,USA,New York,http://www.skiresort.info/ski-resort/gore-mountain/,1097,6.7,28.2,23.3,83,65,46,3.6
granby-ranch,Granby Ranch,North America,USA,Colorado,http://www.skiresort.info/ski-resort/granby-ranch/,2804,6,10,4,74,0,44,3.5
grand-targhee,Grand Targhee Resort,North America,USA,Wyoming,http://www.skiresort.info/ski-resort/grand-targhee/,3048,5,15,15,90,0,42,3.8
granite-gorge,Granite Gorge,North America,USA,New Hampshire,http://www.skiresort.info/ski-resort/granite-gorge/,404,3,2,1,49,0,42,2.9
granite-peak-at-rib-mountain-state-park,Granite Peak Ski Area,North America,USA,Wisconsin,http://www.skiresort.info/ski-resort/granite-peak-at-rib-mountain-state-park/,594,10,5,5,80,0,60,3.4
Granlibakken Tahoe,Granlibakken Tahoe,North America,USA,Western United States,http://www.skiresort.info/ski-resort/granlibakken/,2015,1,1,0,35,0,25,1.4
great-bear-ski-area,Great Bear Ski Valley,North America,USA,South Dakota,http://www.skiresort.info/ski-resort/great-bear-ski-area/,470,1.5,2,1,26,0,0,
great-divide,Great Divide Ski Area,North America,USA,Montana,http://www.skiresort.info/ski-resort/great-divide/,2210,10,20,20,40,30,20,3
greek-peak,Greek Peak Mountain Resort,North America,USA,New York,http://www.skiresort.info/ski-resort/greek-peak/,640,9,4,6,68,0,55,
gunstock,Gunstock Mountain Resort,North America,USA,New Hampshire,http://www.skiresort.info/ski-resort/gunstock/,690,5,25,10,86,74,62,
hanson-hills,Hanson Hills Recreation Area,North America,USA,Michigan,http://www.skiresort.info/ski-resort/hanson-hills/,390,0.8,0.2,0,30,0,0,
heiliger-huegel-hubertus,Heiliger Huegel Ski Club,North America,USA,Wisconsin,http://www.skiresort.info/ski-resort/heiliger-huegel-hubertus/,391,0.6,0.4,0.2,25,0,0,2.7
hermon-mountain,Hermon Mountain Ski Area,North America,USA,Maine,http://www.skiresort.info/ski-resort/hermon-mountain/,140,2,0.5,0.5,27,0,22,2.3
hesperus-ski-area,Hesperus Ski Area,North America,USA,Colorado,http://www.skiresort.info/ski-resort/hesperus-ski-area/,2706,3,5,2,39,33,28,2.8
hickory-ski-center,Hickory Ski Center,North America,USA,New York,http://www.skiresort.info/ski-resort/hickory-ski-center/,583,3,3,2,45,0,30,
hidden-valley-mo,Hidden Valley Ski Resort,North America,USA,Missouri,http://www.skiresort.info/ski-resort/hidden-valley-mo/,240,1,2,1,48,0,30,2.9
hidden-valley-pa,Hidden Valley,North America,USA,Pennsylvania,http://www.skiresort.info/ski-resort/hidden-valley-pa/,890,4,3,2,69,0,58,
hillberg-ski-area,Hillberg Ski Area,North America,USA,Alaska,http://www.skiresort.info/ski-resort/hillberg-ski-area/,120,0.9,0.3,0,20,0,0,
hilltop-anchorage,Hilltop Ski Area,North America,USA,Alaska,http://www.skiresort.info/ski-resort/hilltop-anchorage/,140,4,1,0,32,30,20,2.8
hogadon-ski-area,Hogadon Ski Area,North America,USA,Wyoming,http://www.skiresort.info/ski-resort/hogadon-ski-area/,2438,1.9,1.6,1.5,42,37,27,
holiday-mountain-ny,Holiday Mountain Ski & Fun,North America,USA,New York,http://www.skiresort.info/ski-resort/holiday-mountain-ny/,440,1,2,1,42,0,0,
holiday-valley,Holiday Valley Resort,North America,USA,New York,http://www.skiresort.info/ski-resort/holiday-valley/,685,16,13,19,75,0,59,3.5
holimont,HoliMont Ski Club,North America,USA,New York,http://www.skiresort.info/ski-resort/holimont/,689,4,6,10,70,0,55,3.2
homewood-mountain-resort,Homewood Mountain Resort,North America,USA,Western United States,http://www.skiresort.info/ski-resort/homewood-mountain-resort/,2402,6,13,1,0,0,0,3.3
hoodoo-ski-area,Hoodoo Ski Area,North America,USA,Oregon,http://www.skiresort.info/ski-resort/hoodoo-ski-area/,1740,6,8,3,54,0,34,3
howelsen-hill-steamboat-springs,Howelsen Hill Ski Area,North America,USA,Colorado,http://www.skiresort.info/ski-resort/howelsen-hill-steamboat-springs/,2175,1.7,1.5,0.8,25,0,15,2.5
huff-hills,Huff Hills Ski Area,North America,USA,North Dakota,http://www.skiresort.info/ski-resort/huff-hills/,680,1.8,0.8,0.4,30,0,25,
hunt-hollow-ski-club,Hunt Hollow Ski Club,North America,USA,New York,http://www.skiresort.info/ski-resort/hunt-hollow-ski-club/,360,2,2,1,55,0,45,2.9
hunter-mountain,Hunter Mountain,North America,USA,New York,http://www.skiresort.info/ski-resort/hunter-mountain/,975,18,18,19,80,0,64,3.4
hurricane-ridge,Hurricane Ridge Ski Area,North America,USA,Washington State,http://www.skiresort.info/ski-resort/hurricane-ridge/,1676,2,2,1,34,0,0,
hyland-ski-snowboard-area,Hyland Hills Ski Area,North America,USA,Minnesota,http://www.skiresort.info/ski-resort/hyland-ski-snowboard-area/,310,0.6,0.4,0.2,34.49,0,30.76,3
indianhead-mountain,Indianhead Mountain - Big Snow Resort,North America,USA,Michigan,http://www.skiresort.info/ski-resort/indianhead-mountain/,554,2,3,5,65,0,52,
jack-frost-mountain,Jack Frost Ski Resort,North America,USA,Pennsylvania,http://www.skiresort.info/ski-resort/jack-frost-mountain/,610,6,5.5,0.5,58,0,45,
Jackson Hole Mountain Resort,Jackson Hole Mountain Resort,North America,USA,Wyoming,http://www.skiresort.info/ski-resort/jackson-hole/,3185,16,50,50,149,0,91,3.6
jay-peak,Jay Peak Resort,North America,USA,Vermont,http://www.skiresort.info/ski-resort/jay-peak/,1175,15,31,30,82,0,64,3.2
Majestic Heli Ski,Majestic Heli Ski,North America,USA,Alaska,http://www.skiresort.info/ski-resort/jerrys-heliski-alaska/,0,,,,0,0,0,
jiminy-peak,Jiminy Peak Mountain Resort,North America,USA,Massachusetts,http://www.skiresort.info/ski-resort/jiminy-peak/,725,4.1,2,3,81,70,61,
june-mountain,June Mountain Ski Area,North America,USA,California,http://www.skiresort.info/ski-resort/june-mountain/,3075,2.1,12.9,20.7,109,89,0,3.6
kelly-canyon,Kelly Canyon Ski Resort,North America,USA,Idaho,http://www.skiresort.info/ski-resort/kelly-canyon/,2030,4,5,3,40,0,32,3
kendall-mountain-silverton,Kendall Mountain Recreation Area,North America,USA,Colorado,http://www.skiresort.info/ski-resort/kendall-mountain-silverton/,3000,1,0.5,0.2,20,0,15,3
kettlebowl,Kettlebowl ski area,North America,USA,Wisconsin,http://www.skiresort.info/ski-resort/kettlebowl/,542,0.3,1.1,0,5,3,2,1
keyes-peak-florence,Keyes Peak Ski Hill,North America,USA,Wisconsin,http://www.skiresort.info/ski-resort/keyes-peak-florence/,450,0.5,0,0,12,0,8,
keystone,Keystone Resort,North America,USA,Colorado,http://www.skiresort.info/ski-resort/keystone/,3651,25,65,45,159,0,92,4
killington,Killington Ski Area,North America,USA,Vermont,http://www.skiresort.info/ski-resort/killington/,1285,37.4,43,46,115,0,89,3.7
King Pine Ski Area,King Pine Ski Area,North America,USA,New Hampshire,http://www.skiresort.info/ski-resort/king-pine-purity-spring-resort/,240,2.8,1.5,1,55,0,38,2.9
kirkwood,Kirkwood Mountain Resort,North America,USA,Western United States,http://www.skiresort.info/ski-resort/kirkwood/,2987,15,30,20,119,107,87,3.2
kissing-bridge,Kissing Bridge Snow Sports,North America,USA,New York,http://www.skiresort.info/ski-resort/kissing-bridge/,520,4.5,4.8,8.5,60,0,50,3
labrador-mountain,Labrador Mountain,North America,USA,New York,http://www.skiresort.info/ski-resort/labrador-mountain/,570,6,6,5,53,0,43,2.9
lake-city-ski-hill,Lake City Ski Hill,North America,USA,Colorado,http://www.skiresort.info/ski-resort/lake-city-ski-hill/,2771,0.7,0.3,0,15,0,7,1.5
las-vegas-ski-and-snowboard-resort-lee-canyon,Lee Canyon,North America,USA,Nevada,http://www.skiresort.info/ski-resort/las-vegas-ski-and-snowboard-resort-lee-canyon/,2856,0.3,5,2,70,0,60,2.8
laurel-mountain,Laurel Mountain Ski Resort,North America,USA,Pennsylvania,http://www.skiresort.info/ski-resort/laurel-mountain/,837,4,3,1,53,0,43,2.9
Leavenworth Ski Hill,Leavenworth Ski Hill,North America,USA,Washington State,http://www.skiresort.info/ski-resort/leavenworth-ski-hill/,520,1,0,0,18,0,14,1
liberty-mountain,Liberty Mountain Resort,North America,USA,Pennsylvania,http://www.skiresort.info/ski-resort/liberty-mountain/,355,3,4,2,76,0,64,3
little-ski-hill,Little Ski Hill,North America,USA,Idaho,http://www.skiresort.info/ski-resort/little-ski-hill/,1700,1.4,0,0,15,0,12,
little-switzerland-ski-resort,Little Switzerland Ski Area,North America,USA,Wisconsin,http://www.skiresort.info/ski-resort/little-switzerland-ski-resort/,380,1.1,1.3,0.6,44,0,32,2.6
living-memorial-park-brattleboro,Living Memorial Park Snow Sports Ski Area,North America,USA,Vermont,http://www.skiresort.info/ski-resort/living-memorial-park-brattleboro/,189,0.5,0,0,5,0,0,1.5
lonesome-pine-trails-fort-kent,Lonesome Pine Trails,North America,USA,Maine,http://www.skiresort.info/ski-resort/lonesome-pine-trails-fort-kent/,299,1,1.6,2,20,0,17,1.4
Lookout Pass Ski & Recreation Area,Lookout Pass Ski & Recreation Area,North America,USA,Idaho,http://www.skiresort.info/ski-resort/lookout-pass/,1675,8,14,9,44,0,32,3
lost-trail-powder-mountain,Lost Trail Powder Mountain,North America,USA,Montana,http://www.skiresort.info/ski-resort/lost-trail-powder-mountain/,2550,15,25,10,42,0,32,3
lost-valley,Lost Valley,North America,USA,Maine,http://www.skiresort.info/ski-resort/lost-valley/,166,1,0.5,0.5,45,0,40,3
loup-loup-ski-bowl,Loup Loup Ski Bowl,North America,USA,Washington State,http://www.skiresort.info/ski-resort/loup-loup-ski-bowl/,1620,3,5,3,48,37,27,2.8
loveland,Loveland Ski Area,North America,USA,Colorado,http://www.skiresort.info/ski-resort/loveland/,3871,12,38,43,75,0,32,3
lutsen-mountains,Lutsen Mountains,North America,USA,Minnesota,http://www.skiresort.info/ski-resort/lutsen-mountains/,503,8,19,13,82,0,67,3.6
lyndon-outing-club,Lyndon Outing Club,North America,USA,Vermont,http://www.skiresort.info/ski-resort/lyndon-outing-club/,380,1.5,1,0.1,15,0,10,1.4
mad-river-mountain,Mad River Mountain,North America,USA,Ohio,http://www.skiresort.info/ski-resort/mad-river-mountain/,445,3,2,1.3,45,0,35,2.9
Magic Mountain Ski Resort,Magic Mountain Ski Resort,North America,USA,Idaho,http://www.skiresort.info/ski-resort/magic-mountain-resort/,2207,3.5,3,4,31,0,22,
mammoth-mountain,Mammoth Mountain Ski Area,North America,USA,California,http://www.skiresort.info/ski-resort/mammoth-mountain/,3369,18.4,48.5,22.9,159,130,64,4
maple-ski-ridge,Maple Ski Ridge,North America,USA,New York,http://www.skiresort.info/ski-resort/maple-ski-ridge/,250,0.3,0.8,0.3,0,0,0,
marquette-mountain,Marquette Mountain Ski & Bike Area,North America,USA,Michigan,http://www.skiresort.info/ski-resort/marquette-mountain/,390,1.5,5,3.5,46,0,41,3
massanutten,Massanutten Resort,North America,USA,Virginia,http://www.skiresort.info/ski-resort/massanutten/,871,2,3.5,2.5,70,0,60,2.9
maverick-mountain,Maverick Mountain,North America,USA,Montana,http://www.skiresort.info/ski-resort/maverick-mountain/,2596,6,8,6,36,0,22,3
mccauly-mountain,Mc Cauley Mountain Ski Center,North America,USA,New York,http://www.skiresort.info/ski-resort/mccauly-mountain/,700,3,4,2,30,0,25,2.4
mcintyre,McIntyre Ski Area,North America,USA,New Hampshire,http://www.skiresort.info/ski-resort/mcintyre/,155,2.5,0.5,0,36,0,32,3
meadowlark-ski-lodge,Meadowlark Ski Lodge,North America,USA,Wyoming,http://www.skiresort.info/ski-resort/meadowlark-ski-lodge/,2828,3,4,3,45,38,27,3
meany-lodge,Meany Lodge,North America,USA,Washington State,http://www.skiresort.info/ski-resort/meany-lodge/,1027,1,1,0,0,0,0,
middlebury-college-snow-bowl,Middlebury College Snow Bowl,North America,USA,Vermont,http://www.skiresort.info/ski-resort/middlebury-college-snow-bowl/,810,5,4,6,55,45,15,3
missaukee-mountain,Missaukee Ski Mountain,North America,USA,Michigan,http://www.skiresort.info/ski-resort/missaukee-mountain/,0,,,,0,0,0,
mohawk-mountain,Mohawk Mountain Ski Area,North America,USA,Connecticut,http://www.skiresort.info/ski-resort/mohawk-mountain/,454,3,2,3,60,0,52,3
monarch,Monarch Mountain,North America,USA,Colorado,http://www.skiresort.info/ski-resort/monarch/,3630,5,14,12,74,45,30,3
mont-du-lac,Mont Du Lac Resort,North America,USA,Wisconsin,http://www.skiresort.info/ski-resort/mont-du-lac/,280,0.5,1.4,2,39.99,0,24.99,
mont-ripley,Mont Ripley Ski Area,North America,USA,Michigan,http://www.skiresort.info/ski-resort/mont-ripley/,330,2,2.2,2.7,45,0,40,2.7
montage-mountain-resort,Montage Mountain Resorts,North America,USA,Pennsylvania,http://www.skiresort.info/ski-resort/montage-mountain-resort/,594,2,4,3.5,62,0,49,3
montana-snowbowl,Snowbowl,North America,USA,Montana,http://www.skiresort.info/ski-resort/montana-snowbowl/,2316,5,12,14,47,44,20,2.9
moose-mountain,Moose Mountain Ski and Snowboard Resort,North America,USA,Alaska,http://www.skiresort.info/ski-resort/moose-mountain/,595,3,12,10,39,34,29,1
mount-ski-gull,Ski Gull,North America,USA,Minnesota,http://www.skiresort.info/ski-resort/mount-ski-gull/,443,0.7,0.7,0.7,31,0,24,2.5
Mount Snow Grand Summit Resort,Mount Snow Grand Summit Resort,North America,USA,Vermont,http://www.skiresort.info/ski-resort/mount-snow/,1095,6,46,8,95,0,75,3.7
Mountain Creek Ski Resor,Mountain Creek Ski Resort Parking Lot,North America,USA,New Jersey,http://www.skiresort.info/ski-resort/mountain-creek-vernon/,451,4,14,6,69,0,53.99,3.4
Mountain High Resort,Mountain High Resort,North America,USA,California,http://www.skiresort.info/ski-resort/mountain-high-east/,2496,2,5,4,74,0,35,3.9
mt-abram,Mt Abram Family Resort,North America,USA,Maine,http://www.skiresort.info/ski-resort/mt-abram/,610,3.5,7,4,59,0,49,
mt-ashland,Mt. Ashland Ski Area,North America,USA,Oregon,http://www.skiresort.info/ski-resort/mt-ashland/,2286,1,7,5,46,0,36,3
mt-ashwabay-salmo,Mt Ashwabay Ski and Recreation Area,North America,USA,Wisconsin,http://www.skiresort.info/ski-resort/mt-ashwabay-salmo/,389,1.5,1.2,1.3,24,0,18,2.7
mt-bachelor,Mt Bachelor,North America,USA,Oregon,http://www.skiresort.info/ski-resort/mt-bachelor/,2763,15,25,60,96,78,54,4
mt-bailey,Mt Bailey,North America,USA,Oregon,http://www.skiresort.info/ski-resort/mt-bailey/,0,,,,350,0,0,
mt-baker,Mt. Baker Ski Area,North America,USA,Washington State,http://www.skiresort.info/ski-resort/mt-baker/,1525,24,45,31,62,40,30,3
mt-baldy,Mt. Baldy Resort,North America,USA,California,http://www.skiresort.info/ski-resort/mt-baldy/,2620,3,6,11,69,49,39,3
mt-bohemia,Mount Bohemia,North America,USA,Michigan,http://www.skiresort.info/ski-resort/mt-bohemia/,445,0,3,10,59,0,0,3
mt-brighton,Mt Brighton Ski Area,North America,USA,Michigan,http://www.skiresort.info/ski-resort/mt-brighton/,340,1,3.5,1.7,63,0,0,2.7
mt-eustis-littleton,Mt. Eustis Ski Hill,North America,USA,New Hampshire,http://www.skiresort.info/ski-resort/mt-eustis-littleton/,0,,,,0,0,0,
mt-eyak,Mt Eyak Ski Area,North America,USA,Alaska,http://www.skiresort.info/ski-resort/mt-eyak/,366,1,2,2,30,0,20,3
mt-holiday,Mt. Holiday Ski and Recreational Area,North America,USA,Michigan,http://www.skiresort.info/ski-resort/mt-holiday/,274,1,2,1.5,32,0,26,2.6
mt-hood-meadows,Mt. Hood Meadows,North America,USA,Oregon,http://www.skiresort.info/ski-resort/mt-hood-meadows/,2225,13.5,45,31.5,82,0,49,3.9
Mt. Hood Skibowl,Mt Hood Skibowl East,North America,USA,Oregon,http://www.skiresort.info/ski-resort/mt-hood-skibowl/,1510,15,15,35,53,0,32,2.9
mt-jefferson,Mt. Jefferson Ski Area,North America,USA,Maine,http://www.skiresort.info/ski-resort/mt-jefferson/,230,3,4,2.5,20,0,15,1.4
mt-kato,Mount Kato Ski Hill,North America,USA,Minnesota,http://www.skiresort.info/ski-resort/mt-kato/,313,2.5,4.5,5,41,0,33,2.9
mt-la-crosse,Mt La Crosse Pro Shop,North America,USA,Wisconsin,http://www.skiresort.info/ski-resort/mt-la-crosse/,372,1.5,3,2.5,51,0,48,2.9
mt-lemmon-ski-valley,Mt Lemmon Ski Valley,North America,USA,Arizona,http://www.skiresort.info/ski-resort/mt-lemmon-ski-valley/,2750,2.5,4,2,40,0,20,3
mt-peter,Mount Peter Ski Area,North America,USA,New York,http://www.skiresort.info/ski-resort/mt-peter/,330,1,2,0.8,49,0,42,2.9
mt-pisgah,Mt Pisgah Ski Area,North America,USA,New York,http://www.skiresort.info/ski-resort/mt-pisgah/,627,1,0,0,20,0,0,1.5
mt-rose,Mt. Rose Ski Tahoe,North America,USA,Western United States,http://www.skiresort.info/ski-resort/mt-rose/,2957,20,30,50,125,0,75,3.5
mt-shasta-ski-park,Mt. Shasta Ski Park,North America,USA,California,http://www.skiresort.info/ski-resort/mt-shasta-ski-park/,2100,5,8,10,58,0,32,3
mt-southington,Mount Southington Ski Area,North America,USA,Connecticut,http://www.skiresort.info/ski-resort/mt-southington/,173,2,3,0.8,58,0,48,3
mt-spokane,Mt. Spokane Ski & Snowboard Park,North America,USA,Washington State,http://www.skiresort.info/ski-resort/mt-spokane/,1795,7,5,14,55,0,45,3
mt-sunapee,Mount Sunapee Resort,North America,USA,New Hampshire,http://www.skiresort.info/ski-resort/mt-sunapee/,828,8,16,6,84,67,57,3.6
mt-waterman,Mt Waterman Ski Lifts,North America,USA,California,http://www.skiresort.info/ski-resort/mt-waterman/,2440,2,2,6,50,40,20,3
mt-zion-hill,Mt Zion Ski Hill,North America,USA,Michigan,http://www.skiresort.info/ski-resort/mt-zion-hill/,0,,,,0,0,0,
mulligans-hollow-ski-bowl,Mulligan's Hollow Ski Bowl,North America,USA,Michigan,http://www.skiresort.info/ski-resort/mulligans-hollow-ski-bowl/,233,1,1,1,16,0,0,
mystic-mountain-farmington,Mystic Mountain,North America,USA,Pennsylvania,http://www.skiresort.info/ski-resort/mystic-mountain-farmington/,619,2.3,1,0.6,43,0,35,2.9
nashoba-valley,Nashoba Valley Ski Area,North America,USA,Massachusetts,http://www.skiresort.info/ski-resort/nashoba-valley/,128,1,3,1.8,55,0,0,2.9
navarino-hills,Navarino Hills,North America,USA,Wisconsin,http://www.skiresort.info/ski-resort/navarino-hills/,270,0.5,0.3,0,27,0,10,2.4
nordic-mountain,Nordic Mountain,North America,USA,Wisconsin,http://www.skiresort.info/ski-resort/nordic-mountain/,346,2,3,1.5,44,0,30,2.6
nordic-valley,Nordic Valley Ski Resort,North America,USA,Utah,http://www.skiresort.info/ski-resort/nordic-valley/,1930,2.5,4,3,45,0,35,3
north-cascade-heliskiing-mazama,North Cascade Heli-Skiing,North America,USA,Washington State,http://www.skiresort.info/ski-resort/north-cascade-heliskiing-mazama/,2700,,,,0,0,0,1
northeast-slopes-east-corinth,Northeast Slopes,North America,USA,Vermont,http://www.skiresort.info/ski-resort/northeast-slopes-east-corinth/,355,1.2,1,0,15,0,0,1.2
northstar-california-resort,Northstar California Resort,North America,USA,Western United States,http://www.skiresort.info/ski-resort/northstar-california-resort/,2624,25,45,27,152,125,90,4.1
norway-mountain,Norway Mountain Resort,North America,USA,Michigan,http://www.skiresort.info/ski-resort/norway-mountain/,406,2.5,3.5,2,45,37,25,2.8
nubs-nob-ski-area,Nubs Nob Ski Resort,North America,USA,Michigan,http://www.skiresort.info/ski-resort/nubs-nob-ski-area/,403,6.2,9,3.7,80,68,57,3
nutt-hill-plymouth,Nutt Hill Ski Area,North America,USA,Wisconsin,http://www.skiresort.info/ski-resort/nutt-hill-plymouth/,309,0.2,0,0,0,0,0,1
oak-mountain,Oak Mountain,North America,USA,New York,http://www.skiresort.info/ski-resort/oak-mountain/,740,6,4,2,38,0,27,2.8
oglebay-resort,Oglebay Resort and Conference Center,North America,USA,West Virginia,http://www.skiresort.info/ski-resort/oglebay-resort/,0,1,0,0,26,0,21,3
okemo,Okemo Mountain Resort,North America,USA,Vermont,http://www.skiresort.info/ski-resort/okemo/,1019,22,26,22,110,97,84,3.7
otis-ridge,Otis Ridge,North America,USA,Massachusetts,http://www.skiresort.info/ski-resort/otis-ridge/,480,1.2,1.5,1,40,35,15,2.5
otsego-gaylord,Otsego Club & Resort,North America,USA,Michigan,http://www.skiresort.info/ski-resort/otsego-gaylord/,422,3,2,2,65,55,50,3
pajarito-mountain,Pajarito Mountain Ski Area,North America,USA,New Mexico,http://www.skiresort.info/ski-resort/pajarito-mountain/,3190,8,12,6,49,42,34,
paoli-peaks,Paoli Peaks,North America,USA,Indiana,http://www.skiresort.info/ski-resort/paoli-peaks/,251,2.6,3,1,42,0,36,3
Park City Mountain,Park City Mountain,North America,USA,Utah,http://www.skiresort.info/ski-resort/park-city/,3049,27,152,71,145,0,93,3.9
pats-peak,Pats Peak Ski Area,North America,USA,New Hampshire,http://www.skiresort.info/ski-resort/pats-peak/,426,10,8,15,66,0,56,2.9
pebble-creek,Pebble Creek Ski Area,North America,USA,Idaho,http://www.skiresort.info/ski-resort/pebble-creek/,2609,6,9,4,43,0,29,3
peekn-peak,Peek'n Peak Resort,North America,USA,New York,http://www.skiresort.info/ski-resort/peekn-peak/,535,4,8,3,59,0,46,
perfect-north-slopes,Perfect North Slopes,North America,USA,Indiana,http://www.skiresort.info/ski-resort/perfect-north-slopes/,244,3,1,1,0,0,0,
petoskey-winter-sports-park,Petoskey Winter Sports Park,North America,USA,Michigan,http://www.skiresort.info/ski-resort/petoskey-winter-sports-park/,241,0.2,0,0,0,0,0,
pico-mountain,Pico Mountain Ski Resort,North America,USA,Vermont,http://www.skiresort.info/ski-resort/pico-mountain/,1209,6.8,15,8.6,74,0,57,3.8
pine-creek,Pine Creek Ski Resort,North America,USA,Wyoming,http://www.skiresort.info/ski-resort/pine-creek/,2508,4,7,5,43,0,38,3
pine-mountain,Pine Mountain Resort,North America,USA,Michigan,http://www.skiresort.info/ski-resort/pine-mountain/,461,2.5,5.5,1.5,45,37,25,2.9
pinnacle-park-pittsfield,Pinnacle Park,North America,USA,Maine,http://www.skiresort.info/ski-resort/pinnacle-park-pittsfield/,96,0.3,0.2,0.2,0,0,0,1
plattekill,Plattekill Mountain,North America,USA,New York,http://www.skiresort.info/ski-resort/plattekill/,1014,4.5,6,6,61,50,48,2.9
points-north-heli-adventures,Points North Heli-Adventures,North America,USA,Alaska,http://www.skiresort.info/ski-resort/points-north-heli-adventures/,0,,,,0,0,0,
pomerelle,Pomerelle Mountain Resort,North America,USA,Idaho,http://www.skiresort.info/ski-resort/pomerelle/,2640,4,7,4,38,0,29,3
porcupine-mountain,Porcupine Mountains Ski Area,North America,USA,Michigan,http://www.skiresort.info/ski-resort/porcupine-mountain/,415,3.2,3.5,3,39,0,30,
powder-mountain,Powder Mountain,North America,USA,Utah,http://www.skiresort.info/ski-resort/powder-mountain/,2712,30,50,55,85,0,47,3.2
powder-ridge-mountain-park-resort,Powder Ridge Mountain Park & Resort,North America,USA,Connecticut,http://www.skiresort.info/ski-resort/powder-ridge-mountain-park-resort/,245,2.5,2,1,55,0,44,3
powderbird,Powderbird Heli Skiing,North America,USA,Utah,http://www.skiresort.info/ski-resort/powderbird/,0,,,,0,0,0,
powderhorn,Powderhorn Mountain Resort,North America,USA,Colorado,http://www.skiresort.info/ski-resort/powderhorn/,3000,5,15,18,71,60,35,3.6
powderhouse-hill-south-berwick,Powder House Hill,North America,USA,Maine,http://www.skiresort.info/ski-resort/powderhouse-hill-south-berwick/,80,0.5,0,0,5,0,0,1
powers-bluff,Powers Bluff County Park & Winter Recreation Area,North America,USA,Wisconsin,http://www.skiresort.info/ski-resort/powers-bluff/,436,1,0,0,8,0,0,1
purgatory-durango,Purgatory Resort,North America,USA,Colorado,http://www.skiresort.info/ski-resort/purgatory-durango/,3299,15,40,30,89,70,55,3.6
quadna-mountain,Quadna Mountain Resort Golf,North America,USA,Minnesota,http://www.skiresort.info/ski-resort/quadna-mountain/,0,,,,0,0,0,
Ski Quechee,Ski Quechee,North America,USA,Vermont,http://www.skiresort.info/ski-resort/quechee-lakes-ski-area/,380,2,2.5,0.5,36,0,32,2.8
quoggy-jo-ski-center-presque-isle,Quoggy Jo Ski Center,North America,USA,Maine,http://www.skiresort.info/ski-resort/quoggy-jo-ski-center-presque-isle/,275,0.8,0,0,8,0,0,1.5
ragged-mountain,Ragged Mountain Resort,North America,USA,New Hampshire,http://www.skiresort.info/ski-resort/ragged-mountain/,680,4.5,10,8,79,65,55,3.9
raging-buffalo-algonquin,Raging Buffalo Snowboard Ski Park & Snowtubing,North America,USA,Illinois,http://www.skiresort.info/ski-resort/raging-buffalo-algonquin/,260,0.3,0.2,0,45,0,0,1
red-hill-moultonborough,Red Hill Ski Club,North America,USA,New Hampshire,http://www.skiresort.info/ski-resort/red-hill-moultonborough/,260,0.4,0.4,0.2,0,0,0,1
red-lodge-mountain,Red Lodge Mountain,North America,USA,Montana,http://www.skiresort.info/ski-resort/red-lodge-mountain/,2870,11,30,24,53,42,22,3.4
red-river,Red River Ski & Summer Area,North America,USA,New Mexico,http://www.skiresort.info/ski-resort/red-river/,3135,7,6,7,73,67,57,3
riverview-highlands,Riverview Highlands Golf Course,North America,USA,Michigan,http://www.skiresort.info/ski-resort/riverview-highlands/,0,,,,0,0,0,
rocking-horse-ranch,Rocking Horse Ranch Resort,North America,USA,New York,http://www.skiresort.info/ski-resort/rocking-horse-ranch/,214,0.3,0,0,0,0,0,1
rotarun,Rotarun Ski Area,North America,USA,Idaho,http://www.skiresort.info/ski-resort/rotarun/,1790,1,2,1.5,20,0,10,1.5
roundtop,Roundtop Mountain Resort,North America,USA,Pennsylvania,http://www.skiresort.info/ski-resort/roundtop/,410,1.5,3,3,68,0,56,3
royal-mountain,Royal Mountain Ski Area,North America,USA,New York,http://www.skiresort.info/ski-resort/royal-mountain/,533,2.5,3,2,40,0,30,3
saddleback,Saddleback Maine,North America,USA,Maine,http://www.skiresort.info/ski-resort/saddleback/,1220,4,8,10,69,0,59,2.9
sahalie-ski-club,Sahalie Ski Club,North America,USA,Washington State,http://www.skiresort.info/ski-resort/sahalie-ski-club/,966,1,0.5,0,0,0,0,
sand-master-park-florence,Sand Master Park - Sandboarding,North America,USA,Oregon,http://www.skiresort.info/ski-resort/sand-master-park-florence/,40,0,0,0.1,25,0,0,1
sandia-peak,Sandia Peak Ski & Tram,North America,USA,New Mexico,http://www.skiresort.info/ski-resort/sandia-peak/,3140,8,20,3,55,45,40,2.8
santa-fe,Ski Santa Fe,North America,USA,New Mexico,http://www.skiresort.info/ski-resort/santa-fe/,3679,9,15,10,75,60,52,3
sawkill-ski,Sawkill Family Ski Center,North America,USA,New York,http://www.skiresort.info/ski-resort/sawkill-ski/,0,,,,40,0,33,
sawmill-mountain-resort,Ski Sawmill Resort,North America,USA,Pennsylvania,http://www.skiresort.info/ski-resort/sawmill-mountain-resort/,620,0.9,2.5,1,37,0,30,2.6
schweitzer-mountain-resort,Schweitzer Mountain Resort,North America,USA,Idaho,http://www.skiresort.info/ski-resort/schweitzer-mountain-resort/,1950,20,40,35,79,0,50,3.6
seacoast-snow-park,Seacoast Adventure,North America,USA,Maine,http://www.skiresort.info/ski-resort/seacoast-snow-park/,0,,,,0,0,0,
seven-oaks,Seven Oaks Recreation,North America,USA,Iowa,http://www.skiresort.info/ski-resort/seven-oaks/,330,1.5,2,0.5,36,0,27,3
Seven Springs Mountain Resort,Seven Springs Mountain Resort,North America,USA,Pennsylvania,http://www.skiresort.info/ski-resort/seven-springs/,915,6,7,4,87,0,67,3.3
Shanty Creek Resort,Shanty Creek Resort,North America,USA,Michigan,http://www.skiresort.info/ski-resort/shanty-creek-resorts-schuss-mountain/,356,5,4,3,69,59,54,3
shawnee-mountain,Shawnee Mountain Ski Area,North America,USA,Pennsylvania,http://www.skiresort.info/ski-resort/shawnee-mountain/,350,4,9,5,62,0,45,3.2
shawnee-peak,Shawnee Peak,North America,USA,Maine,http://www.skiresort.info/ski-resort/shawnee-peak/,550,4,12,7,65,0,50,3
showdown,Showdown Montana,North America,USA,Montana,http://www.skiresort.info/ski-resort/showdown/,2500,6,8,6,45,40,25,3
shu-maker-mountain-little-falls,Shu-Maker Mountain Climbers,North America,USA,New York,http://www.skiresort.info/ski-resort/shu-maker-mountain-little-falls/,0,,,,0,0,0,
sierra-at-tahoe,Sierra-at-Tahoe Resort,North America,USA,Western United States,http://www.skiresort.info/ski-resort/sierra-at-tahoe/,2698,12,23,11.5,104,94,43,3
silver-mountain,Silver Mountain,North America,USA,Idaho,http://www.skiresort.info/ski-resort/silver-mountain/,1920,4,8,13,60,0,45,3.8
silverton-mountain,Silverton Mountain Ski Area,North America,USA,Colorado,http://www.skiresort.info/ski-resort/silverton-mountain/,3790,,,,59,0,0,
sipapu,Sipapu Ski & Summer Resort,North America,USA,New Mexico,http://www.skiresort.info/ski-resort/sipapu/,2825,3,7,8,45,39,29,2.8
sitzmark,Sitzmark Lodge,North America,USA,Washington State,http://www.skiresort.info/ski-resort/sitzmark/,1485,2,3,2.5,35,28,22,2.8
ski-brule,Pioneer Lodge,North America,USA,Michigan,http://www.skiresort.info/ski-resort/ski-brule/,565,2,4,1.5,49,0,43,2.7
skiland-mt-aurora,FNAV Ski Land,North America,USA,Alaska,http://www.skiresort.info/ski-resort/skiland-mt-aurora/,745,4,9,4,35,0,20,3
sky-tavern,Sky Tavern Ski Area,North America,USA,Nevada,http://www.skiresort.info/ski-resort/sky-tavern/,2517,,,,0,0,0,
sleeping-giant,Sleeping Giant Ski Area & Zipline,North America,USA,Wyoming,http://www.skiresort.info/ski-resort/sleeping-giant/,2265,3,8,6,34,26,16,2.7
sleepy-hollow-sports-park-des-moines,Sleepy Hollow Sports Park,North America,USA,Iowa,http://www.skiresort.info/ski-resort/sleepy-hollow-sports-park-des-moines/,286,0.5,0.4,0.3,0,0,0,2.8
smugglers-notch,Smugglers' Notch Resort,North America,USA,Vermont,http://www.skiresort.info/ski-resort/smugglers-notch/,1112,13,41,24,80,0,64,3
snow-creek,Snow Creek Ski Area,North America,USA,Missouri,http://www.skiresort.info/ski-resort/snow-creek/,335,1.3,1.8,0.1,44,0,29,2.9
snow-king-mountain-jackson,Snow King Mountain Resort,North America,USA,Wyoming,http://www.skiresort.info/ski-resort/snow-king-mountain-jackson/,2380,3,2.5,3.5,55,0,35,3
snow-ridge,Snow Ridge Ski Resort,North America,USA,New York,http://www.skiresort.info/ski-resort/snow-ridge/,540,2,3,5,39,0,30,
snow-snake,Snow Snake Ski & Golf,North America,USA,Michigan,http://www.skiresort.info/ski-resort/snow-snake/,365,1,1.5,0.5,32,0,0,2.4
snow-summit-big-bear-lake,Snow Summit Ski Resort,North America,USA,California,http://www.skiresort.info/ski-resort/snow-summit-big-bear-lake/,2500,10,12,7,89,73,36,3.4
snow-trails,Snow Trails,North America,USA,Ohio,http://www.skiresort.info/ski-resort/snow-trails/,440,1.5,2.8,1,49,0,39,3
snow-valley,Snow Valley Mountain Resort,North America,USA,California,http://www.skiresort.info/ski-resort/snow-valley/,2390,4,20,10,79,69,35,3.3
snowbasin,Snowbasin Resort,North America,USA,Utah,http://www.skiresort.info/ski-resort/snowbasin/,2850,5,28,15,99,0,55,3.9
snowhaven,Snowhaven Ski & Tubing Area,North America,USA,Idaho,http://www.skiresort.info/ski-resort/snowhaven/,1730,1.5,0.5,0,25,0,0,
snowmass,Aspen Snowmass,North America,USA,Colorado,http://www.skiresort.info/ski-resort/snowmass/,3813,14.2,111,111,169,0,112,4
snowshoe-mountain,Snowshoe Mountain Resort,North America,USA,West Virginia,http://www.skiresort.info/ski-resort/snowshoe-mountain/,1478,14,11,6,99,87,82,3.5
snowstar,Snowstar Winter Sports Park,North America,USA,Illinois,http://www.skiresort.info/ski-resort/snowstar/,235,0.5,1.5,2,35,0,30,2.9
snowy-range,Snowy Range Ski Area,North America,USA,Wyoming,http://www.skiresort.info/ski-resort/snowy-range/,2945,4.5,9,3,45,39,28,3
soda-springs,Soda Springs Mountain Resort,North America,USA,Western United States,http://www.skiresort.info/ski-resort/soda-springs/,2232,3,5,2,39,39,29,3
soldier-mountain,Soldier Mountain Ski Area,North America,USA,Idaho,http://www.skiresort.info/ski-resort/soldier-mountain/,2188,9,8,8,38,0,22,3
solitude,Solitude Mountain Resort,North America,USA,Utah,http://www.skiresort.info/ski-resort/solitude/,3000,20,30,14,88,56,0,3.8
song-mountain,Song Mountain Resort,North America,USA,New York,http://www.skiresort.info/ski-resort/song-mountain/,585,4.5,6,2.5,56,0,46,2.9
spirit-mountain,Spirit Mountain Recreation Area,North America,USA,Minnesota,http://www.skiresort.info/ski-resort/spirit-mountain/,390,4,5,2,49,0,39,3.6
spout-springs,Spout Springs Ski Area,North America,USA,Oregon,http://www.skiresort.info/ski-resort/spout-springs/,1670,3,5,1.5,35,30,25,3
spring-mountain,Spring Mountain Adventure,North America,USA,Pennsylvania,http://www.skiresort.info/ski-resort/spring-mountain/,150,4,2.5,2,48,0,0,3
spruce-mountain-jay,Spruce Mountain Ski Slope,North America,USA,Maine,http://www.skiresort.info/ski-resort/spruce-mountain-jay/,183,0.6,1.4,0.4,25,0,20,1
squaw-valley,Squaw Valley Resort,North America,USA,Western United States,http://www.skiresort.info/ski-resort/squaw-valley/,2760,25,45,30,129,112,78,4
standing-rocks,Standing Rocks County Park & Winter Recreation Area,North America,USA,Wisconsin,http://www.skiresort.info/ski-resort/standing-rocks/,370,0.6,0.3,0.3,8,0,5,
steamboat,Steamboat Ski Resort,North America,USA,Colorado,http://www.skiresort.info/ski-resort/steamboat/,3221,25,95,45,165,135,105,3.9
stevens-pass,Stevens Pass Mountain Resort,North America,USA,Washington State,http://www.skiresort.info/ski-resort/stevens-pass/,1750,6,18,15,74,0,50,3.5
storrs-hill-lebanon,Storrs Hill Ski Area,North America,USA,New Hampshire,http://www.skiresort.info/ski-resort/storrs-hill-lebanon/,282,0.7,0.3,0,10,0,7,1.5
stowe,Stowe Mountain Resort,North America,USA,Vermont,http://www.skiresort.info/ski-resort/stowe/,1116,20,42,8,131,0,111,4
sugar-bowl,Sugar Bowl Resort,North America,USA,Western United States,http://www.skiresort.info/ski-resort/sugar-bowl/,2555,15.3,40.5,34.2,115,94,66,3.7
sugar-mountain,"Sugar Mountain Resort, Inc.",North America,USA,North Carolina,http://www.skiresort.info/ski-resort/sugar-mountain/,1589,4,7,3,72,0,49,3.7
sugarbush,Sugarbush Resort,North America,USA,Vermont,http://www.skiresort.info/ski-resort/sugarbush/,1240,17,40,30,97,0,77,3.7
sugarloaf,Sugarloaf,North America,USA,Maine,http://www.skiresort.info/ski-resort/sugarloaf/,1286,28,40,51,95,79,69,3.4
suicide-six,Suicide Six Downhill Ski Area,North America,USA,Vermont,http://www.skiresort.info/ski-resort/suicide-six/,411,3.5,4,3,68,0,50,3
summit-ski-area-at-mt-hood,Summit Ski Area,North America,USA,Oregon,http://www.skiresort.info/ski-resort/summit-ski-area-at-mt-hood/,1312,2,2,0,30,0,20,3
sunburst,Sunburst Winter Sports Park,North America,USA,Wisconsin,http://www.skiresort.info/ski-resort/sunburst/,357,0.5,1.5,1,42,0,25,2.6
Sunday River Resort,Sunday River Resort,North America,USA,Maine,http://www.skiresort.info/ski-resort/sunday-river/,957,30,40,14,105,79,69,3.6
sundown,Sundown Mountain Resort,North America,USA,Connecticut,http://www.skiresort.info/ski-resort/sundown/,330,2.7,1.4,1.7,60,52,18,
sunlight-mountain,Sunlight Mountain Resort,North America,USA,Colorado,http://www.skiresort.info/ski-resort/sunlight-mountain/,3015,4,11,5,63,0,45,3
sunrise-park,Sunrise Park Resort,North America,USA,Arizona,http://www.skiresort.info/ski-resort/sunrise-park/,3330,,,,71,59,44,
swain,Swain Resort,North America,USA,New York,http://www.skiresort.info/ski-resort/swain/,600,3,4.2,3.7,54,0,44,2.9
swiss-valley,Swiss Valley Ski & Snowboard Area,North America,USA,Michigan,http://www.skiresort.info/ski-resort/swiss-valley/,360,0.4,1.1,0.3,42,0,30,
tamarack-resort,Tamarack Resort,North America,USA,Idaho,http://www.skiresort.info/ski-resort/tamarack-resort/,2347,12,20,10,69,44,30,4
Telluride Ski Resort,Telluride Ski Resort,North America,USA,Colorado,http://www.skiresort.info/ski-resort/telluride/,3815,6.7,51.7,29.8,133,0,79,4
tenney-mountain,Tenney Mountain Resort,North America,USA,New Hampshire,http://www.skiresort.info/ski-resort/tenney-mountain/,655,3,8,4,0,0,0,
terry-peak,Terry Peak Ski Area,North America,USA,South Dakota,http://www.skiresort.info/ski-resort/terry-peak/,2130,4.7,7.2,4.1,53,0,39,4.1
teton-pass,Teton Pass Ski Resort,North America,USA,Montana,http://www.skiresort.info/ski-resort/teton-pass/,2194,6,5,4,45,40,30,2.6
the-balsams,The Balsams,North America,USA,New Hampshire,http://www.skiresort.info/ski-resort/the-balsams/,838,3.4,4,5.2,0,0,0,
the-homestead-resort,The Omni Homestead Resort,North America,USA,Michigan,http://www.skiresort.info/ski-resort/the-homestead-resort/,280,1,2,1,50,38,24,
the-rock-snow-park,The Rock Snowpark,North America,USA,Wisconsin,http://www.skiresort.info/ski-resort/the-rock-snow-park/,270,1,0,0,40,0,0,
the-summit-at-snoqualmie,The Summit at Snoqualmie,North America,USA,Washington State,http://www.skiresort.info/ski-resort/the-summit-at-snoqualmie/,1180,5.2,13.7,9,79,55,15,3.2
the-whitecap-mountains,Whitecap Mountains Resort,North America,USA,Wisconsin,http://www.skiresort.info/ski-resort/the-whitecap-mountains/,540,4,2,3,55,42,27,
thunder-ridge,Thunder Ridge Ski Area,North America,USA,New York,http://www.skiresort.info/ski-resort/thunder-ridge/,267,1.8,1,1.4,52,0,37,
timber-ridge,Timber Ridge,North America,USA,Michigan,http://www.skiresort.info/ski-resort/timber-ridge/,287,1.2,1.6,0.4,40,0,29,
timberline,Timberline Lodge and Ski Area,North America,USA,Oregon,http://www.skiresort.info/ski-resort/timberline/,2603,8,15,8,76,63,34,4.1
timberline-four-seasons,Timberline Four Seasons Resort,North America,USA,West Virginia,http://www.skiresort.info/ski-resort/timberline-four-seasons/,1301,6,6,6,79,0,55,3
titcomb-mountain,Titcomb Mountain,North America,USA,Maine,http://www.skiresort.info/ski-resort/titcomb-mountain/,210,1,1.1,2.3,22,0,0,
titus-mountain,Titus Mountain Family Ski Center,North America,USA,New York,http://www.skiresort.info/ski-resort/titus-mountain/,423,10,10,7,45,45,35,2.9
toggenburg-ski-center,Toggenburg Mountain Ski Center,North America,USA,New York,http://www.skiresort.info/ski-resort/toggenburg-ski-center/,543,3.2,2,3.1,50,0,40,
triangle-sports-area-green-bay,Triangle Sports Area,North America,USA,Wisconsin,http://www.skiresort.info/ski-resort/triangle-sports-area-green-bay/,217,0.5,0.1,0,0,0,0,1
trollhaugen,Trollhaugen Outdoor Recreation Area,North America,USA,Wisconsin,http://www.skiresort.info/ski-resort/trollhaugen/,362,2.5,1.5,0.9,50,0,40,2.6
turner-mountain,Turner Mountain Ski Area,North America,USA,Montana,http://www.skiresort.info/ski-resort/turner-mountain/,1814,2.1,5.5,6.2,37,25,20,
tussey-mountain,Tussey Mountain Ski and Recreation,North America,USA,Pennsylvania,http://www.skiresort.info/ski-resort/tussey-mountain/,553,1.5,1.2,0.3,48,0,44,
tuxedo-ridge,Tuxedo Ridge Ski Center,North America,USA,New York,http://www.skiresort.info/ski-resort/tuxedo-ridge/,365,1,4,2,0,0,0,
tyrol-basin-mt-horeb,Tyrol Basin,North America,USA,Wisconsin,http://www.skiresort.info/ski-resort/tyrol-basin-mt-horeb/,344,1.2,1.5,1.5,45,0,35,
Vail Ski Resort,Vail Ski Resort,North America,USA,Colorado,http://www.skiresort.info/ski-resort/vail/,3433,57,84,93,169,0,117,4
valdez-heli-ski-guides,Valdez Heli-Ski Guides,North America,USA,Alaska,http://www.skiresort.info/ski-resort/valdez-heli-ski-guides/,0,,,,0,0,0,
villa-olivia-bartlett,Villa Olivia,North America,USA,Illinois,http://www.skiresort.info/ski-resort/villa-olivia-bartlett/,258,0.2,0.6,0.6,40,29,17,2.2
villa-roma,Villa Roma Resort,North America,USA,New York,http://www.skiresort.info/ski-resort/villa-roma/,388,1.7,0,0,0,0,0,
wachusett-mountain,Wachusett Mountain Ski Area,North America,USA,Massachusetts,http://www.skiresort.info/ski-resort/wachusett-mountain/,611,3.6,4.8,3.6,69,0,56,4.1
ward-hill-shrewsbury,Ski Ward Ski Area,North America,USA,Massachusetts,http://www.skiresort.info/ski-resort/ward-hill-shrewsbury/,160,0.6,1,0.5,49,0,10,2.5
warner-canyon-lakeview,Warner Canyon Ski Area,North America,USA,Oregon,http://www.skiresort.info/ski-resort/warner-canyon-lakeview/,1975,2.4,1.6,5.9,32,22,18,
Waterville Valley Resort,Waterville Valley Resort,North America,USA,New Hampshire,http://www.skiresort.info/ski-resort/waterville-valley/,1220,3.5,16,5.5,81,71,61,3.3
welch-village,Welch Village,North America,USA,Minnesota,http://www.skiresort.info/ski-resort/welch-village/,323,2,2,2,56,0,46,
wenatchee-mission-ridge,Mission Ridge Ski & Board Resort,North America,USA,Washington State,http://www.skiresort.info/ski-resort/wenatchee-mission-ridge/,2078,10,60,30,63,0,43,3.4
west-mountain,West Mountain Ski Resort,North America,USA,New York,http://www.skiresort.info/ski-resort/west-mountain/,435,5.9,2.1,1.7,59,49,45,3
whaleback,Whaleback Mountain,North America,USA,New Hampshire,http://www.skiresort.info/ski-resort/whaleback/,543,5.2,2.8,3.5,43,32,27,2.8
whisper-ridge,Whisper Ridge Backcountry Resort,North America,USA,Utah,http://www.skiresort.info/ski-resort/whisper-ridge/,0,,,,0,0,0,
white-pass,White Pass Ski Resort,North America,USA,Washington State,http://www.skiresort.info/ski-resort/white-pass/,1986,10,12,8,63,0,43,3.7
white-pine-pinedale,White Pine Ski Resort,North America,USA,Wyoming,http://www.skiresort.info/ski-resort/white-pine-pinedale/,2847,3.7,2.6,5.3,48,0,35,3
Whiteface Mountain Ski Resort,Whiteface Mountain Ski Resort,North America,USA,New York,http://www.skiresort.info/ski-resort/whiteface-lake-placid/,1340,7,15,13,94,74,58,3
Whitefish Mountain Resort,Whitefish Mountain Resort,North America,USA,Montana,http://www.skiresort.info/ski-resort/whitefish-mountain-resort/,2078,18,46,27,79,68,40,3.5
whitetail,Whitetail Resort,North America,USA,Pennsylvania,http://www.skiresort.info/ski-resort/whitetail/,549,1.5,5.6,3.1,75,0,62,
whitetail-ridge-fort-mccoy,Whitetail Ridge Ski Area,North America,USA,Wisconsin,http://www.skiresort.info/ski-resort/whitetail-ridge-fort-mccoy/,322,0.7,0.5,0,30,0,25,1.5
wild-mountain,Wild Mountain,North America,USA,Minnesota,http://www.skiresort.info/ski-resort/wild-mountain/,320,1.1,1.6,2.1,51,0,40,
wildcat-mountain,Wildcat Mountain,North America,USA,New Hampshire,http://www.skiresort.info/ski-resort/wildcat-mountain/,1238,9.4,22.1,14,85,0,64,3.5
willamette-pass-crescent,Willamette Pass Resort - Ski Area,North America,USA,Oregon,http://www.skiresort.info/ski-resort/willamette-pass-crescent/,2036,6,13,10,49,0,30,3.4
willard-mountain-greenwich,Willard Mountain,North America,USA,New York,http://www.skiresort.info/ski-resort/willard-mountain-greenwich/,429,0.6,1.4,0.8,43,0,39,
wilmot-mountain,Wilmot Mountain Ski Resort (Summer Office Hours Only),North America,USA,Wisconsin,http://www.skiresort.info/ski-resort/wilmot-mountain/,292,1.4,1.6,1,64,0,59,2.9
windham-mountain,Windham Mountain Resort,North America,USA,New York,http://www.skiresort.info/ski-resort/windham-mountain/,945,,,,85,73,63,
winter-park-kewaunee-county,Kewaunee Winter Park,North America,USA,Wisconsin,http://www.skiresort.info/ski-resort/winter-park-kewaunee-county/,225,0.5,0.5,0.1,10,0,0,1.5
winter-park-resort,Winter Park Resort,North America,USA,Colorado,http://www.skiresort.info/ski-resort/winter-park-resort/,3676,11,53,79,159,0,99,4
winterclub-indoor-ski-snowboard-winter-park,WinterClub Indoor Ski & Snowboard,North America,USA,Florida,http://www.skiresort.info/ski-resort/winterclub-indoor-ski-snowboard-winter-park/,34,0.1,0,0,0,0,0,1
wintergreen-resort,Wintergreen Resort,North America,USA,Virginia,http://www.skiresort.info/ski-resort/wintergreen-resort/,1071,2,4,4,84,0,64,3.8
winterplace,Winterplace Ski Resort,North America,USA,West Virginia,http://www.skiresort.info/ski-resort/winterplace/,1097,,,,69,0,52,
wisp-mchenry-deep-creek-lake,Wisp Resort,North America,USA,Maryland,http://www.skiresort.info/ski-resort/wisp-mchenry-deep-creek-lake/,950,5.6,6.1,4.3,74,0,54,
wolf-creek,Wolf Creek Ski Area,North America,USA,Colorado,http://www.skiresort.info/ski-resort/wolf-creek/,3628,20,35,45,70,0,36,3.4
wolf-ridge,Wolf Ridge Ski Resort,North America,USA,North Carolina,http://www.skiresort.info/ski-resort/wolf-ridge/,1432,3,2,1,56,0,46,3
woods-valley,Woods Valley Ski Area,North America,USA,New York,http://www.skiresort.info/ski-resort/woods-valley/,325,2,1.5,0.5,43,0,37,
yawgoo-valley,Yawgoo Valley Ski Area & Water Park,North America,USA,Rhode Island,http://www.skiresort.info/ski-resort/yawgoo-valley/,96,1.5,0.9,0.1,49,0,42,
yellowstone-club,Yellowstone Club,North America,USA,Montana,http://www.skiresort.info/ski-resort/yellowstone-club/,3005,30,30,20,0,0,0,4.4